This file contains any messages produced by compilers while
running configure, to aid debugging if configure makes a mistake.

It was created by wolfssl configure 5.8.2, which was
generated by GNU Autoconf 2.72.  Invocation command line was

  $ ./configure --host=xtensa-esp32-elf CC=/Users/q/.rustup/toolchains/esp/xtensa-esp-elf/esp-14.2.0_20240906/xtensa-esp-elf/bin/xtensa-esp32-elf-gcc AR=/Users/q/.rustup/toolchains/esp/xtensa-esp-elf/esp-14.2.0_20240906/xtensa-esp-elf/bin/xtensa-esp32-elf-ar --prefix=/Users/q/Documents/2log-dot-vas/wolfssl-5.8.2/../wolfssl-xtensa/ 'CFLAGS=-DWOLFSSL_USER_SETTINGS -I/Users/q/Documents/2log-dot-vas/wolfssl-5.8.2/../ -fno-math-errno -mlongcalls -nostdlib -nodefaultlibs -nostartfiles -no-pie' --disable-filesystem --disable-shared --disable-oldnames --disable-tlsv12 --enable-dtls --disable-pkcs12 --enable-dtls13 --enable-dtlscid --disable-crypttests --enable-singlethreaded --enable-cryptocb --enable-debug --disable-rsa --disable-examples --disable-pkcs8 --disable-sha3 --disable-threadlocal

## --------- ##
## Platform. ##
## --------- ##

hostname = mbk-24-0135.mpi-inf.mpg.de
uname -m = arm64
uname -r = 25.0.0
uname -s = Darwin
uname -v = Darwin Kernel Version 25.0.0: Thu Aug 14 22:03:34 PDT 2025; root:xnu-12377.1.8~5/RELEASE_ARM64_T6030

/usr/bin/uname -p = arm
/bin/uname -X     = unknown

/bin/arch              = unknown
/usr/bin/arch -k       = unknown
/usr/convex/getsysinfo = unknown
/usr/bin/hostinfo      = Mach kernel version:
	 Darwin Kernel Version 25.0.0: Thu Aug 14 22:03:34 PDT 2025; root:xnu-12377.1.8~5/RELEASE_ARM64_T6030
Kernel configured for up to 12 processors.
12 processors are physically available.
12 processors are logically available.
Processor type: arm64e (ARM64E)
Processors active: 0 1 2 3 4 5 6 7 8 9 10 11
Primary memory available: 18.00 gigabytes
Default processor set: 668 tasks, 3653 threads, 12 processors
Load average: 4.56, Mach factor: 7.43
/bin/machine           = unknown
/usr/bin/oslevel       = unknown
/bin/universe          = unknown

PATH: /Users/q/.rustup/toolchains/esp/xtensa-esp-elf/esp-14.2.0_20240906/xtensa-esp-elf/bin/
PATH: /usr/local/texlive/2024basic/bin/universal-darwin/
PATH: /opt/homebrew/opt/whois/bin/
PATH: /opt/homebrew/opt/openjdk/bin/
PATH: /Users/q/.nvm/versions/node/v20.17.0/bin/
PATH: /Users/q/go/bin/
PATH: /Users/q/.local/bin/
PATH: /opt/homebrew/opt/python@3.13/libexec/bin/
PATH: /opt/homebrew/opt/grep/libexec/gnubin/
PATH: /opt/homebrew/opt/ruby/bin/
PATH: /Users/q/.nix-profile/bin/
PATH: /nix/var/nix/profiles/default/bin/
PATH: /opt/homebrew/bin/
PATH: /opt/homebrew/sbin/
PATH: /Users/q/.cargo/bin/
PATH: /usr/local/bin/
PATH: /System/Cryptexes/App/usr/bin/
PATH: /usr/bin/
PATH: /bin/
PATH: /usr/sbin/
PATH: /sbin/
PATH: /var/run/com.apple.security.cryptexd/codex.system/bootstrap/usr/local/bin/
PATH: /var/run/com.apple.security.cryptexd/codex.system/bootstrap/usr/bin/
PATH: /var/run/com.apple.security.cryptexd/codex.system/bootstrap/usr/appleinternal/bin/
PATH: /opt/X11/bin/
PATH: /Library/Apple/usr/bin/
PATH: /Applications/VMware Fusion.app/Contents/Public/
PATH: /usr/local/share/dotnet/
PATH: ~/.dotnet/tools/
PATH: /usr/local/go/bin/
PATH: /usr/local/munki/
PATH: /Applications/Privileges.app/Contents/Resources/
PATH: /opt/puppetlabs/bin/
PATH: /Library/TeX/texbin/
PATH: /Applications/Wireshark.app/Contents/MacOS/
PATH: /Applications/iTerm.app/Contents/Resources/utilities/


## ----------- ##
## Core tests. ##
## ----------- ##

configure:4155: looking for aux files: ltmain.sh missing install-sh config.guess config.sub compile
configure:4168:  trying ./build-aux/
configure:4197:   ./build-aux/ltmain.sh found
configure:4197:   ./build-aux/missing found
configure:4179:   ./build-aux/install-sh found
configure:4197:   ./build-aux/config.guess found
configure:4197:   ./build-aux/config.sub found
configure:4197:   ./build-aux/compile found
configure:4313: checking whether to enable maintainer-specific portions of Makefiles
configure:4324: result: no
configure:4364: checking for xtensa-esp32-elf-gcc
configure:4397: result: /Users/q/.rustup/toolchains/esp/xtensa-esp-elf/esp-14.2.0_20240906/xtensa-esp-elf/bin/xtensa-esp32-elf-gcc
configure:4802: checking for C compiler version
configure:4811: /Users/q/.rustup/toolchains/esp/xtensa-esp-elf/esp-14.2.0_20240906/xtensa-esp-elf/bin/xtensa-esp32-elf-gcc --version >&5
xtensa-esp-elf-gcc (crosstool-NG esp-14.2.0_20240906) 14.2.0
Copyright (C) 2024 Free Software Foundation, Inc.
This is free software; see the source for copying conditions.  There is NO
warranty; not even for MERCHANTABILITY or FITNESS FOR A PARTICULAR PURPOSE.

configure:4822: $? = 0
configure:4811: /Users/q/.rustup/toolchains/esp/xtensa-esp-elf/esp-14.2.0_20240906/xtensa-esp-elf/bin/xtensa-esp32-elf-gcc -v >&5
Using built-in specs.
COLLECT_GCC=/Users/q/.rustup/toolchains/esp/xtensa-esp-elf/esp-14.2.0_20240906/xtensa-esp-elf/bin/xtensa-esp-elf-gcc
COLLECT_LTO_WRAPPER=/Users/q/.rustup/toolchains/esp/xtensa-esp-elf/esp-14.2.0_20240906/xtensa-esp-elf/bin/../libexec/gcc/xtensa-esp-elf/14.2.0/lto-wrapper
Target: xtensa-esp-elf
Configured with: /builds/idf/crosstool-NG/.build/xtensa-esp-elf/src/gcc/configure --build=x86_64-build_pc-linux-gnu --host=aarch64-host_apple-darwin21.1 --target=xtensa-esp-elf --prefix=/builds/idf/crosstool-NG/builds/xtensa-esp-elf --exec_prefix=/builds/idf/crosstool-NG/builds/xtensa-esp-elf --with-local-prefix=/builds/idf/crosstool-NG/builds/xtensa-esp-elf/xtensa-esp-elf --with-sysroot=/builds/idf/crosstool-NG/builds/xtensa-esp-elf/xtensa-esp-elf --with-native-system-header-dir=/include --with-newlib --enable-threads=no --disable-shared --with-pkgversion='crosstool-NG esp-14.2.0_20240906' --disable-__cxa_atexit --enable-cxx-flags=-ffunction-sections --disable-libgomp --disable-libmudflap --disable-libmpx --disable-libssp --disable-libquadmath --disable-libquadmath-support --disable-libstdcxx-verbose --with-gmp=/builds/idf/crosstool-NG/.build/xtensa-esp-elf/buildtools/complibs-host --with-mpfr=/builds/idf/crosstool-NG/.build/xtensa-esp-elf/buildtools/complibs-host --with-mpc=/builds/idf/crosstool-NG/.build/xtensa-esp-elf/buildtools/complibs-host --with-isl=/builds/idf/crosstool-NG/.build/xtensa-esp-elf/buildtools/complibs-host --enable-lto --enable-target-optspace --without-long-double-128 --disable-nls --enable-multiarch --enable-languages=c,c++ --disable-libstdcxx-verbose --enable-threads=posix --enable-gcov-custom-rtio --enable-libstdcxx-time=yes
Thread model: posix
Supported LTO compression algorithms: zlib
gcc version 14.2.0 (crosstool-NG esp-14.2.0_20240906) 
configure:4822: $? = 0
configure:4811: /Users/q/.rustup/toolchains/esp/xtensa-esp-elf/esp-14.2.0_20240906/xtensa-esp-elf/bin/xtensa-esp32-elf-gcc -V >&5
xtensa-esp-elf-gcc: error: unrecognized command-line option '-V'
xtensa-esp-elf-gcc: fatal error: no input files
compilation terminated.
configure:4822: $? = 1
configure:4811: /Users/q/.rustup/toolchains/esp/xtensa-esp-elf/esp-14.2.0_20240906/xtensa-esp-elf/bin/xtensa-esp32-elf-gcc -qversion >&5
xtensa-esp-elf-gcc: error: unrecognized command-line option '-qversion'; did you mean '--version'?
xtensa-esp-elf-gcc: fatal error: no input files
compilation terminated.
configure:4822: $? = 1
configure:4811: /Users/q/.rustup/toolchains/esp/xtensa-esp-elf/esp-14.2.0_20240906/xtensa-esp-elf/bin/xtensa-esp32-elf-gcc -version >&5
xtensa-esp-elf-gcc: error: unrecognized command-line option '-version'
xtensa-esp-elf-gcc: fatal error: no input files
compilation terminated.
configure:4822: $? = 1
configure:4842: checking whether the C compiler works
configure:4864: /Users/q/.rustup/toolchains/esp/xtensa-esp-elf/esp-14.2.0_20240906/xtensa-esp-elf/bin/xtensa-esp32-elf-gcc -DWOLFSSL_USER_SETTINGS -I/Users/q/Documents/2log-dot-vas/wolfssl-5.8.2/../ -fno-math-errno -mlongcalls -nostdlib -nodefaultlibs -nostartfiles -no-pie     conftest.c  >&5
/Users/q/.rustup/toolchains/esp/xtensa-esp-elf/esp-14.2.0_20240906/xtensa-esp-elf/bin/../lib/gcc/xtensa-esp-elf/14.2.0/../../../../xtensa-esp-elf/bin/ld: warning: cannot find entry symbol _start; defaulting to 00400054
configure:4868: $? = 0
configure:4919: result: yes
configure:4923: checking for C compiler default output file name
configure:4925: result: a.out
configure:4931: checking for suffix of executables
configure:4938: /Users/q/.rustup/toolchains/esp/xtensa-esp-elf/esp-14.2.0_20240906/xtensa-esp-elf/bin/xtensa-esp32-elf-gcc -o conftest -DWOLFSSL_USER_SETTINGS -I/Users/q/Documents/2log-dot-vas/wolfssl-5.8.2/../ -fno-math-errno -mlongcalls -nostdlib -nodefaultlibs -nostartfiles -no-pie     conftest.c  >&5
/Users/q/.rustup/toolchains/esp/xtensa-esp-elf/esp-14.2.0_20240906/xtensa-esp-elf/bin/../lib/gcc/xtensa-esp-elf/14.2.0/../../../../xtensa-esp-elf/bin/ld: warning: cannot find entry symbol _start; defaulting to 00400054
configure:4942: $? = 0
configure:4966: result: 
configure:4990: checking whether we are cross compiling
configure:4998: /Users/q/.rustup/toolchains/esp/xtensa-esp-elf/esp-14.2.0_20240906/xtensa-esp-elf/bin/xtensa-esp32-elf-gcc -o conftest -DWOLFSSL_USER_SETTINGS -I/Users/q/Documents/2log-dot-vas/wolfssl-5.8.2/../ -fno-math-errno -mlongcalls -nostdlib -nodefaultlibs -nostartfiles -no-pie     conftest.c  >&5
/Users/q/.rustup/toolchains/esp/xtensa-esp-elf/esp-14.2.0_20240906/xtensa-esp-elf/bin/../lib/gcc/xtensa-esp-elf/14.2.0/../../../../xtensa-esp-elf/bin/ld: warning: cannot find entry symbol _start; defaulting to 00400054
/Users/q/.rustup/toolchains/esp/xtensa-esp-elf/esp-14.2.0_20240906/xtensa-esp-elf/bin/../lib/gcc/xtensa-esp-elf/14.2.0/../../../../xtensa-esp-elf/bin/ld: /private/var/folders/m6/kvl6yr995fg1dq1xhqbnldgr0000gq/T//ccf4NNFV.o:(.literal+0x8): undefined reference to `fopen'
/Users/q/.rustup/toolchains/esp/xtensa-esp-elf/esp-14.2.0_20240906/xtensa-esp-elf/bin/../lib/gcc/xtensa-esp-elf/14.2.0/../../../../xtensa-esp-elf/bin/ld: /private/var/folders/m6/kvl6yr995fg1dq1xhqbnldgr0000gq/T//ccf4NNFV.o:(.literal+0xc): undefined reference to `ferror'
/Users/q/.rustup/toolchains/esp/xtensa-esp-elf/esp-14.2.0_20240906/xtensa-esp-elf/bin/../lib/gcc/xtensa-esp-elf/14.2.0/../../../../xtensa-esp-elf/bin/ld: /private/var/folders/m6/kvl6yr995fg1dq1xhqbnldgr0000gq/T//ccf4NNFV.o:(.literal+0x10): undefined reference to `fclose'
/Users/q/.rustup/toolchains/esp/xtensa-esp-elf/esp-14.2.0_20240906/xtensa-esp-elf/bin/../lib/gcc/xtensa-esp-elf/14.2.0/../../../../xtensa-esp-elf/bin/ld: /private/var/folders/m6/kvl6yr995fg1dq1xhqbnldgr0000gq/T//ccf4NNFV.o: in function `main':
conftest.c:(.text+0xf): undefined reference to `fopen'
/Users/q/.rustup/toolchains/esp/xtensa-esp-elf/esp-14.2.0_20240906/xtensa-esp-elf/bin/../lib/gcc/xtensa-esp-elf/14.2.0/../../../../xtensa-esp-elf/bin/ld: conftest.c:(.text+0x22): undefined reference to `ferror'
/Users/q/.rustup/toolchains/esp/xtensa-esp-elf/esp-14.2.0_20240906/xtensa-esp-elf/bin/../lib/gcc/xtensa-esp-elf/14.2.0/../../../../xtensa-esp-elf/bin/ld: conftest.c:(.text+0x2e): undefined reference to `fclose'
collect2: error: ld returned 1 exit status
configure:5002: $? = 1
configure:5009: ./conftest
./configure: line 5011: ./conftest: No such file or directory
configure:5013: $? = 127
configure:5028: result: yes
configure:5034: checking for suffix of object files
configure:5057: /Users/q/.rustup/toolchains/esp/xtensa-esp-elf/esp-14.2.0_20240906/xtensa-esp-elf/bin/xtensa-esp32-elf-gcc -c -DWOLFSSL_USER_SETTINGS -I/Users/q/Documents/2log-dot-vas/wolfssl-5.8.2/../ -fno-math-errno -mlongcalls -nostdlib -nodefaultlibs -nostartfiles -no-pie    conftest.c >&5
configure:5061: $? = 0
configure:5085: result: o
configure:5089: checking whether the compiler supports GNU C
configure:5109: /Users/q/.rustup/toolchains/esp/xtensa-esp-elf/esp-14.2.0_20240906/xtensa-esp-elf/bin/xtensa-esp32-elf-gcc -c -DWOLFSSL_USER_SETTINGS -I/Users/q/Documents/2log-dot-vas/wolfssl-5.8.2/../ -fno-math-errno -mlongcalls -nostdlib -nodefaultlibs -nostartfiles -no-pie    conftest.c >&5
configure:5109: $? = 0
configure:5121: result: yes
configure:5132: checking whether /Users/q/.rustup/toolchains/esp/xtensa-esp-elf/esp-14.2.0_20240906/xtensa-esp-elf/bin/xtensa-esp32-elf-gcc accepts -g
configure:5153: /Users/q/.rustup/toolchains/esp/xtensa-esp-elf/esp-14.2.0_20240906/xtensa-esp-elf/bin/xtensa-esp32-elf-gcc -c -g  conftest.c >&5
configure:5153: $? = 0
configure:5200: result: yes
configure:5220: checking for /Users/q/.rustup/toolchains/esp/xtensa-esp-elf/esp-14.2.0_20240906/xtensa-esp-elf/bin/xtensa-esp32-elf-gcc option to enable C11 features
configure:5235: /Users/q/.rustup/toolchains/esp/xtensa-esp-elf/esp-14.2.0_20240906/xtensa-esp-elf/bin/xtensa-esp32-elf-gcc  -c -DWOLFSSL_USER_SETTINGS -I/Users/q/Documents/2log-dot-vas/wolfssl-5.8.2/../ -fno-math-errno -mlongcalls -nostdlib -nodefaultlibs -nostartfiles -no-pie    conftest.c >&5
configure:5235: $? = 0
configure:5254: result: none needed
configure:5383: checking whether /Users/q/.rustup/toolchains/esp/xtensa-esp-elf/esp-14.2.0_20240906/xtensa-esp-elf/bin/xtensa-esp32-elf-gcc understands -c and -o together
configure:5406: /Users/q/.rustup/toolchains/esp/xtensa-esp-elf/esp-14.2.0_20240906/xtensa-esp-elf/bin/xtensa-esp32-elf-gcc -c conftest.c -o conftest2.o
configure:5409: $? = 0
configure:5406: /Users/q/.rustup/toolchains/esp/xtensa-esp-elf/esp-14.2.0_20240906/xtensa-esp-elf/bin/xtensa-esp32-elf-gcc -c conftest.c -o conftest2.o
configure:5409: $? = 0
configure:5422: result: yes
configure:5446: checking build system type
configure:5462: result: aarch64-apple-darwin25.0.0
configure:5482: checking host system type
configure:5497: result: xtensa-esp32-elf
configure:5517: checking target system type
configure:5532: result: xtensa-esp32-elf
configure:5577: checking for a BSD-compatible install
configure:5651: result: /opt/homebrew/bin/ginstall -c
configure:5662: checking whether sleep supports fractional seconds
configure:5678: result: yes
configure:5681: checking filesystem timestamp resolution
configure:5816: result: 2
configure:5821: checking whether build environment is sane
configure:5862: result: yes
configure:5924: checking for xtensa-esp32-elf-strip
configure:5945: found /Users/q/.rustup/toolchains/esp/xtensa-esp-elf/esp-14.2.0_20240906/xtensa-esp-elf/bin/xtensa-esp32-elf-strip
configure:5957: result: xtensa-esp32-elf-strip
configure:6029: checking for a race-free mkdir -p
configure:6072: result: /opt/homebrew/bin/gmkdir -p
configure:6079: checking for gawk
configure:6115: result: no
configure:6079: checking for mawk
configure:6115: result: no
configure:6079: checking for nawk
configure:6115: result: no
configure:6079: checking for awk
configure:6100: found /usr/bin/awk
configure:6112: result: awk
configure:6123: checking whether make sets $(MAKE)
configure:6147: result: yes
configure:6169: checking whether make supports the include directive
configure:6184: make -f confmf.GNU && cat confinc.out
this is the am__doit target
configure:6187: $? = 0
configure:6206: result: yes (GNU style)
configure:6237: checking whether make supports nested variables
configure:6256: result: yes
configure:6270: checking xargs -n works
configure:6286: result: yes
configure:6366: checking whether UID '503' is supported by ustar format
configure:6372: result: yes
configure:6379: checking whether GID '20' is supported by ustar format
configure:6385: result: yes
configure:6393: checking how to create a ustar tar archive
configure:6404: tar --version
bsdtar 3.5.3 - libarchive 3.7.4 zlib/1.2.12 liblzma/5.4.3 bz2lib/1.0.8 
configure:6407: $? = 0
configure:6447: tardir=conftest.dir && eval tar --format=ustar -chf - "$tardir" >conftest.tar
configure:6450: $? = 0
configure:6454: tar -xf - <conftest.tar
configure:6457: $? = 0
configure:6459: cat conftest.dir/file
GrepMe
configure:6462: $? = 0
configure:6477: result: gnutar
configure:6486: checking dependency style of /Users/q/.rustup/toolchains/esp/xtensa-esp-elf/esp-14.2.0_20240906/xtensa-esp-elf/bin/xtensa-esp32-elf-gcc
configure:6599: result: gcc3
configure:6689: checking how to print strings
configure:6716: result: printf
configure:6737: checking for a sed that does not truncate output
configure:6809: result: /usr/bin/sed
configure:6827: checking for grep that handles long lines and -e
configure:6893: result: /opt/homebrew/opt/grep/libexec/gnubin/grep
configure:6898: checking for egrep
configure:6968: result: /opt/homebrew/opt/grep/libexec/gnubin/grep -E
configure:6975: checking for fgrep
configure:7045: result: /opt/homebrew/opt/grep/libexec/gnubin/grep -F
configure:7082: checking for ld used by /Users/q/.rustup/toolchains/esp/xtensa-esp-elf/esp-14.2.0_20240906/xtensa-esp-elf/bin/xtensa-esp32-elf-gcc
configure:7151: result: /Users/q/.rustup/toolchains/esp/xtensa-esp-elf/esp-14.2.0_20240906/xtensa-esp-elf/xtensa-esp-elf/bin/ld
configure:7158: checking if the linker (/Users/q/.rustup/toolchains/esp/xtensa-esp-elf/esp-14.2.0_20240906/xtensa-esp-elf/xtensa-esp-elf/bin/ld) is GNU ld
configure:7175: result: yes
configure:7187: checking for BSD- or MS-compatible name lister (nm)
configure:7243: result: /Users/q/.rustup/toolchains/esp/xtensa-esp-elf/esp-14.2.0_20240906/xtensa-esp-elf/bin/xtensa-esp32-elf-nm -B
configure:7385: checking the name lister (/Users/q/.rustup/toolchains/esp/xtensa-esp-elf/esp-14.2.0_20240906/xtensa-esp-elf/bin/xtensa-esp32-elf-nm -B) interface
configure:7393: /Users/q/.rustup/toolchains/esp/xtensa-esp-elf/esp-14.2.0_20240906/xtensa-esp-elf/bin/xtensa-esp32-elf-gcc -c -DWOLFSSL_USER_SETTINGS -I/Users/q/Documents/2log-dot-vas/wolfssl-5.8.2/../ -fno-math-errno -mlongcalls -nostdlib -nodefaultlibs -nostartfiles -no-pie    conftest.c >&5
configure:7396: /Users/q/.rustup/toolchains/esp/xtensa-esp-elf/esp-14.2.0_20240906/xtensa-esp-elf/bin/xtensa-esp32-elf-nm -B "conftest.o"
configure:7399: output
00000000 B some_variable
configure:7407: result: BSD nm
configure:7410: checking whether ln -s works
configure:7414: result: yes
configure:7422: checking the maximum length of command line arguments
configure:7555: result: 786432
configure:7603: checking how to convert aarch64-apple-darwin25.0.0 file names to xtensa-esp32-elf format
configure:7645: result: func_convert_file_noop
configure:7652: checking how to convert aarch64-apple-darwin25.0.0 file names to toolchain format
configure:7674: result: func_convert_file_noop
configure:7681: checking for /Users/q/.rustup/toolchains/esp/xtensa-esp-elf/esp-14.2.0_20240906/xtensa-esp-elf/xtensa-esp-elf/bin/ld option to reload object files
configure:7690: result: -r
configure:7723: checking for file
configure:7744: found /usr/bin/file
configure:7757: result: file
configure:7774: checking for xtensa-esp32-elf-objdump
configure:7795: found /Users/q/.rustup/toolchains/esp/xtensa-esp-elf/esp-14.2.0_20240906/xtensa-esp-elf/bin/xtensa-esp32-elf-objdump
configure:7807: result: xtensa-esp32-elf-objdump
configure:7882: checking how to recognize dependent libraries
configure:8083: result: unknown
configure:8128: checking for xtensa-esp32-elf-dlltool
configure:8164: result: no
configure:8174: checking for dlltool
configure:8210: result: no
configure:8237: checking how to associate runtime and link libraries
configure:8266: result: printf %s\n
configure:8281: checking for xtensa-esp32-elf-ranlib
configure:8302: found /Users/q/.rustup/toolchains/esp/xtensa-esp-elf/esp-14.2.0_20240906/xtensa-esp-elf/bin/xtensa-esp32-elf-ranlib
configure:8314: result: xtensa-esp32-elf-ranlib
configure:8387: checking for xtensa-esp32-elf-ar
configure:8420: result: /Users/q/.rustup/toolchains/esp/xtensa-esp-elf/esp-14.2.0_20240906/xtensa-esp-elf/bin/xtensa-esp32-elf-ar
configure:8523: checking for archiver @FILE support
configure:8541: /Users/q/.rustup/toolchains/esp/xtensa-esp-elf/esp-14.2.0_20240906/xtensa-esp-elf/bin/xtensa-esp32-elf-gcc -c -DWOLFSSL_USER_SETTINGS -I/Users/q/Documents/2log-dot-vas/wolfssl-5.8.2/../ -fno-math-errno -mlongcalls -nostdlib -nodefaultlibs -nostartfiles -no-pie    conftest.c >&5
configure:8541: $? = 0
configure:8545: /Users/q/.rustup/toolchains/esp/xtensa-esp-elf/esp-14.2.0_20240906/xtensa-esp-elf/bin/xtensa-esp32-elf-ar cr libconftest.a @conftest.lst >&5
configure:8548: $? = 0
configure:8553: /Users/q/.rustup/toolchains/esp/xtensa-esp-elf/esp-14.2.0_20240906/xtensa-esp-elf/bin/xtensa-esp32-elf-ar cr libconftest.a @conftest.lst >&5
/Users/q/.rustup/toolchains/esp/xtensa-esp-elf/esp-14.2.0_20240906/xtensa-esp-elf/bin/xtensa-esp-elf-ar: conftest.o: No such file or directory
configure:8556: $? = 1
configure:8569: result: @
configure:8587: checking for xtensa-esp32-elf-strip
configure:8620: result: xtensa-esp32-elf-strip
configure:8769: checking command to parse /Users/q/.rustup/toolchains/esp/xtensa-esp-elf/esp-14.2.0_20240906/xtensa-esp-elf/bin/xtensa-esp32-elf-nm -B output from /Users/q/.rustup/toolchains/esp/xtensa-esp-elf/esp-14.2.0_20240906/xtensa-esp-elf/bin/xtensa-esp32-elf-gcc object
configure:8923: /Users/q/.rustup/toolchains/esp/xtensa-esp-elf/esp-14.2.0_20240906/xtensa-esp-elf/bin/xtensa-esp32-elf-gcc -c -DWOLFSSL_USER_SETTINGS -I/Users/q/Documents/2log-dot-vas/wolfssl-5.8.2/../ -fno-math-errno -mlongcalls -nostdlib -nodefaultlibs -nostartfiles -no-pie    conftest.c >&5
configure:8926: $? = 0
configure:8930: /Users/q/.rustup/toolchains/esp/xtensa-esp-elf/esp-14.2.0_20240906/xtensa-esp-elf/bin/xtensa-esp32-elf-nm -B conftest.o \| /usr/bin/sed -n -e 's/^.*[ ]\([ABCDGIRSTW][ABCDGIRSTW]*\)[ ][ ]*\([_A-Za-z][_A-Za-z0-9]*\)$/\1 \2 \2/p' | /usr/bin/sed '/ __gnu_lto/d' \> conftest.nm
configure:8933: $? = 0
configure:8999: /Users/q/.rustup/toolchains/esp/xtensa-esp-elf/esp-14.2.0_20240906/xtensa-esp-elf/bin/xtensa-esp32-elf-gcc -o conftest -DWOLFSSL_USER_SETTINGS -I/Users/q/Documents/2log-dot-vas/wolfssl-5.8.2/../ -fno-math-errno -mlongcalls -nostdlib -nodefaultlibs -nostartfiles -no-pie     conftest.c conftstm.o >&5
/Users/q/.rustup/toolchains/esp/xtensa-esp-elf/esp-14.2.0_20240906/xtensa-esp-elf/bin/../lib/gcc/xtensa-esp-elf/14.2.0/../../../../xtensa-esp-elf/bin/ld: warning: cannot find entry symbol _start; defaulting to 00400074
configure:9002: $? = 0
configure:9041: result: ok
configure:9088: checking for sysroot
configure:9122: result: no
configure:9129: checking for a working dd
configure:9174: result: /bin/dd
configure:9178: checking how to truncate binary pipes
configure:9195: result: /bin/dd bs=4096 count=1
configure:9489: checking for xtensa-esp32-elf-mt
configure:9525: result: no
configure:9535: checking for mt
configure:9571: result: no
configure:9591: checking if : is a manifest tool
configure:9598: : '-?'
configure:9607: result: no
configure:10404: checking for stdio.h
configure:10404: /Users/q/.rustup/toolchains/esp/xtensa-esp-elf/esp-14.2.0_20240906/xtensa-esp-elf/bin/xtensa-esp32-elf-gcc -c -DWOLFSSL_USER_SETTINGS -I/Users/q/Documents/2log-dot-vas/wolfssl-5.8.2/../ -fno-math-errno -mlongcalls -nostdlib -nodefaultlibs -nostartfiles -no-pie    conftest.c >&5
configure:10404: $? = 0
configure:10404: result: yes
configure:10404: checking for stdlib.h
configure:10404: /Users/q/.rustup/toolchains/esp/xtensa-esp-elf/esp-14.2.0_20240906/xtensa-esp-elf/bin/xtensa-esp32-elf-gcc -c -DWOLFSSL_USER_SETTINGS -I/Users/q/Documents/2log-dot-vas/wolfssl-5.8.2/../ -fno-math-errno -mlongcalls -nostdlib -nodefaultlibs -nostartfiles -no-pie    conftest.c >&5
configure:10404: $? = 0
configure:10404: result: yes
configure:10404: checking for string.h
configure:10404: /Users/q/.rustup/toolchains/esp/xtensa-esp-elf/esp-14.2.0_20240906/xtensa-esp-elf/bin/xtensa-esp32-elf-gcc -c -DWOLFSSL_USER_SETTINGS -I/Users/q/Documents/2log-dot-vas/wolfssl-5.8.2/../ -fno-math-errno -mlongcalls -nostdlib -nodefaultlibs -nostartfiles -no-pie    conftest.c >&5
configure:10404: $? = 0
configure:10404: result: yes
configure:10404: checking for inttypes.h
configure:10404: /Users/q/.rustup/toolchains/esp/xtensa-esp-elf/esp-14.2.0_20240906/xtensa-esp-elf/bin/xtensa-esp32-elf-gcc -c -DWOLFSSL_USER_SETTINGS -I/Users/q/Documents/2log-dot-vas/wolfssl-5.8.2/../ -fno-math-errno -mlongcalls -nostdlib -nodefaultlibs -nostartfiles -no-pie    conftest.c >&5
configure:10404: $? = 0
configure:10404: result: yes
configure:10404: checking for stdint.h
configure:10404: /Users/q/.rustup/toolchains/esp/xtensa-esp-elf/esp-14.2.0_20240906/xtensa-esp-elf/bin/xtensa-esp32-elf-gcc -c -DWOLFSSL_USER_SETTINGS -I/Users/q/Documents/2log-dot-vas/wolfssl-5.8.2/../ -fno-math-errno -mlongcalls -nostdlib -nodefaultlibs -nostartfiles -no-pie    conftest.c >&5
configure:10404: $? = 0
configure:10404: result: yes
configure:10404: checking for strings.h
configure:10404: /Users/q/.rustup/toolchains/esp/xtensa-esp-elf/esp-14.2.0_20240906/xtensa-esp-elf/bin/xtensa-esp32-elf-gcc -c -DWOLFSSL_USER_SETTINGS -I/Users/q/Documents/2log-dot-vas/wolfssl-5.8.2/../ -fno-math-errno -mlongcalls -nostdlib -nodefaultlibs -nostartfiles -no-pie    conftest.c >&5
configure:10404: $? = 0
configure:10404: result: yes
configure:10404: checking for sys/stat.h
configure:10404: /Users/q/.rustup/toolchains/esp/xtensa-esp-elf/esp-14.2.0_20240906/xtensa-esp-elf/bin/xtensa-esp32-elf-gcc -c -DWOLFSSL_USER_SETTINGS -I/Users/q/Documents/2log-dot-vas/wolfssl-5.8.2/../ -fno-math-errno -mlongcalls -nostdlib -nodefaultlibs -nostartfiles -no-pie    conftest.c >&5
configure:10404: $? = 0
configure:10404: result: yes
configure:10404: checking for sys/types.h
configure:10404: /Users/q/.rustup/toolchains/esp/xtensa-esp-elf/esp-14.2.0_20240906/xtensa-esp-elf/bin/xtensa-esp32-elf-gcc -c -DWOLFSSL_USER_SETTINGS -I/Users/q/Documents/2log-dot-vas/wolfssl-5.8.2/../ -fno-math-errno -mlongcalls -nostdlib -nodefaultlibs -nostartfiles -no-pie    conftest.c >&5
configure:10404: $? = 0
configure:10404: result: yes
configure:10404: checking for unistd.h
configure:10404: /Users/q/.rustup/toolchains/esp/xtensa-esp-elf/esp-14.2.0_20240906/xtensa-esp-elf/bin/xtensa-esp32-elf-gcc -c -DWOLFSSL_USER_SETTINGS -I/Users/q/Documents/2log-dot-vas/wolfssl-5.8.2/../ -fno-math-errno -mlongcalls -nostdlib -nodefaultlibs -nostartfiles -no-pie    conftest.c >&5
configure:10404: $? = 0
configure:10404: result: yes
configure:10429: checking for dlfcn.h
configure:10429: /Users/q/.rustup/toolchains/esp/xtensa-esp-elf/esp-14.2.0_20240906/xtensa-esp-elf/bin/xtensa-esp32-elf-gcc -c -DWOLFSSL_USER_SETTINGS -I/Users/q/Documents/2log-dot-vas/wolfssl-5.8.2/../ -fno-math-errno -mlongcalls -nostdlib -nodefaultlibs -nostartfiles -no-pie    conftest.c >&5
conftest.c:48:10: fatal error: dlfcn.h: No such file or directory
   48 | #include <dlfcn.h>
      |          ^~~~~~~~~
compilation terminated.
configure:10429: $? = 1
configure: failed program was:
| /* confdefs.h */
| #define PACKAGE_NAME "wolfssl"
| #define PACKAGE_TARNAME "wolfssl"
| #define PACKAGE_VERSION "5.8.2"
| #define PACKAGE_STRING "wolfssl 5.8.2"
| #define PACKAGE_BUGREPORT "https://github.com/wolfssl/wolfssl/issues"
| #define PACKAGE_URL "https://www.wolfssl.com"
| #define HAVE_STDIO_H 1
| #define HAVE_STDLIB_H 1
| #define HAVE_STRING_H 1
| #define HAVE_INTTYPES_H 1
| #define HAVE_STDINT_H 1
| #define HAVE_STRINGS_H 1
| #define HAVE_SYS_STAT_H 1
| #define HAVE_SYS_TYPES_H 1
| #define HAVE_UNISTD_H 1
| #define STDC_HEADERS 1
| /* end confdefs.h.  */
| #include <stddef.h>
| #ifdef HAVE_STDIO_H
| # include <stdio.h>
| #endif
| #ifdef HAVE_STDLIB_H
| # include <stdlib.h>
| #endif
| #ifdef HAVE_STRING_H
| # include <string.h>
| #endif
| #ifdef HAVE_INTTYPES_H
| # include <inttypes.h>
| #endif
| #ifdef HAVE_STDINT_H
| # include <stdint.h>
| #endif
| #ifdef HAVE_STRINGS_H
| # include <strings.h>
| #endif
| #ifdef HAVE_SYS_TYPES_H
| # include <sys/types.h>
| #endif
| #ifdef HAVE_SYS_STAT_H
| # include <sys/stat.h>
| #endif
| #ifdef HAVE_UNISTD_H
| # include <unistd.h>
| #endif
| 
| #include <dlfcn.h>
configure:10429: result: no
configure:11065: checking for objdir
configure:11082: result: .libs
configure:11348: checking if /Users/q/.rustup/toolchains/esp/xtensa-esp-elf/esp-14.2.0_20240906/xtensa-esp-elf/bin/xtensa-esp32-elf-gcc supports -fno-rtti -fno-exceptions
configure:11367: /Users/q/.rustup/toolchains/esp/xtensa-esp-elf/esp-14.2.0_20240906/xtensa-esp-elf/bin/xtensa-esp32-elf-gcc -c -DWOLFSSL_USER_SETTINGS -I/Users/q/Documents/2log-dot-vas/wolfssl-5.8.2/../ -fno-math-errno -mlongcalls -nostdlib -nodefaultlibs -nostartfiles -no-pie    -fno-rtti -fno-exceptions conftest.c >&5
cc1: warning: command-line option '-fno-rtti' is valid for C++/D/ObjC++ but not for C
configure:11371: $? = 0
configure:11385: result: no
configure:11749: checking for /Users/q/.rustup/toolchains/esp/xtensa-esp-elf/esp-14.2.0_20240906/xtensa-esp-elf/bin/xtensa-esp32-elf-gcc option to produce PIC
configure:11758: result: -fPIC -DPIC
configure:11766: checking if /Users/q/.rustup/toolchains/esp/xtensa-esp-elf/esp-14.2.0_20240906/xtensa-esp-elf/bin/xtensa-esp32-elf-gcc PIC flag -fPIC -DPIC works
configure:11785: /Users/q/.rustup/toolchains/esp/xtensa-esp-elf/esp-14.2.0_20240906/xtensa-esp-elf/bin/xtensa-esp32-elf-gcc -c -DWOLFSSL_USER_SETTINGS -I/Users/q/Documents/2log-dot-vas/wolfssl-5.8.2/../ -fno-math-errno -mlongcalls -nostdlib -nodefaultlibs -nostartfiles -no-pie    -fPIC -DPIC -DPIC conftest.c >&5
configure:11789: $? = 0
configure:11803: result: yes
configure:11832: checking if /Users/q/.rustup/toolchains/esp/xtensa-esp-elf/esp-14.2.0_20240906/xtensa-esp-elf/bin/xtensa-esp32-elf-gcc static flag -static works
/Users/q/.rustup/toolchains/esp/xtensa-esp-elf/esp-14.2.0_20240906/xtensa-esp-elf/bin/../lib/gcc/xtensa-esp-elf/14.2.0/../../../../xtensa-esp-elf/bin/ld: warning: cannot find entry symbol _start; defaulting to 00400054
configure:11862: result: yes
configure:11877: checking if /Users/q/.rustup/toolchains/esp/xtensa-esp-elf/esp-14.2.0_20240906/xtensa-esp-elf/bin/xtensa-esp32-elf-gcc supports -c -o file.o
configure:11899: /Users/q/.rustup/toolchains/esp/xtensa-esp-elf/esp-14.2.0_20240906/xtensa-esp-elf/bin/xtensa-esp32-elf-gcc -c -DWOLFSSL_USER_SETTINGS -I/Users/q/Documents/2log-dot-vas/wolfssl-5.8.2/../ -fno-math-errno -mlongcalls -nostdlib -nodefaultlibs -nostartfiles -no-pie    -o out/conftest2.o conftest.c >&5
configure:11903: $? = 0
configure:11926: result: yes
configure:11934: checking if /Users/q/.rustup/toolchains/esp/xtensa-esp-elf/esp-14.2.0_20240906/xtensa-esp-elf/bin/xtensa-esp32-elf-gcc supports -c -o file.o
configure:11983: result: yes
configure:12016: checking whether the /Users/q/.rustup/toolchains/esp/xtensa-esp-elf/esp-14.2.0_20240906/xtensa-esp-elf/bin/xtensa-esp32-elf-gcc linker (/Users/q/.rustup/toolchains/esp/xtensa-esp-elf/esp-14.2.0_20240906/xtensa-esp-elf/xtensa-esp-elf/bin/ld) supports shared libraries
configure:13289: result: yes
configure:13531: checking dynamic linker characteristics
configure:14389: result: no
configure:14511: checking how to hardcode library paths into programs
configure:14536: result: immediate
configure:15136: checking whether stripping libraries is possible
configure:15145: result: yes
configure:15187: checking if libtool supports shared libraries
configure:15189: result: no
configure:15192: checking whether to build shared libraries
configure:15217: result: no
configure:15220: checking whether to build static libraries
configure:15224: result: yes
configure:15296: checking whether the -Werror option is usable
configure:15316: /Users/q/.rustup/toolchains/esp/xtensa-esp-elf/esp-14.2.0_20240906/xtensa-esp-elf/bin/xtensa-esp32-elf-gcc -c -DWOLFSSL_USER_SETTINGS -I/Users/q/Documents/2log-dot-vas/wolfssl-5.8.2/../ -fno-math-errno -mlongcalls -nostdlib -nodefaultlibs -nostartfiles -no-pie   -Werror  conftest.c >&5
configure:15316: $? = 0
configure:15328: result: yes
configure:15330: checking for simple visibility declarations
configure:15358: /Users/q/.rustup/toolchains/esp/xtensa-esp-elf/esp-14.2.0_20240906/xtensa-esp-elf/bin/xtensa-esp32-elf-gcc -c -DWOLFSSL_USER_SETTINGS -I/Users/q/Documents/2log-dot-vas/wolfssl-5.8.2/../ -fno-math-errno -mlongcalls -nostdlib -nodefaultlibs -nostartfiles -no-pie   -fvisibility=hidden -Werror  conftest.c >&5
configure:15358: $? = 0
configure:15370: result: yes
configure:15402: checking size of long long
configure:15408: /Users/q/.rustup/toolchains/esp/xtensa-esp-elf/esp-14.2.0_20240906/xtensa-esp-elf/bin/xtensa-esp32-elf-gcc -c -DWOLFSSL_USER_SETTINGS -I/Users/q/Documents/2log-dot-vas/wolfssl-5.8.2/../ -fno-math-errno -mlongcalls -nostdlib -nodefaultlibs -nostartfiles -no-pie    conftest.c >&5
configure:15408: $? = 0
configure:15408: /Users/q/.rustup/toolchains/esp/xtensa-esp-elf/esp-14.2.0_20240906/xtensa-esp-elf/bin/xtensa-esp32-elf-gcc -c -DWOLFSSL_USER_SETTINGS -I/Users/q/Documents/2log-dot-vas/wolfssl-5.8.2/../ -fno-math-errno -mlongcalls -nostdlib -nodefaultlibs -nostartfiles -no-pie    conftest.c >&5
conftest.c: In function 'main':
conftest.c:52:12: error: size of array 'test_array' is negative
   52 | static int test_array [1 - 2 * !(((long int) (sizeof (long long))) <= 0)];
      |            ^~~~~~~~~~
configure:15408: $? = 1
configure: failed program was:
| /* confdefs.h */
| #define PACKAGE_NAME "wolfssl"
| #define PACKAGE_TARNAME "wolfssl"
| #define PACKAGE_VERSION "5.8.2"
| #define PACKAGE_STRING "wolfssl 5.8.2"
| #define PACKAGE_BUGREPORT "https://github.com/wolfssl/wolfssl/issues"
| #define PACKAGE_URL "https://www.wolfssl.com"
| #define HAVE_STDIO_H 1
| #define HAVE_STDLIB_H 1
| #define HAVE_STRING_H 1
| #define HAVE_INTTYPES_H 1
| #define HAVE_STDINT_H 1
| #define HAVE_STRINGS_H 1
| #define HAVE_SYS_STAT_H 1
| #define HAVE_SYS_TYPES_H 1
| #define HAVE_UNISTD_H 1
| #define STDC_HEADERS 1
| #define LT_OBJDIR ".libs/"
| #define HAVE_VISIBILITY 1
| /* end confdefs.h.  */
| #include <stddef.h>
| #ifdef HAVE_STDIO_H
| # include <stdio.h>
| #endif
| #ifdef HAVE_STDLIB_H
| # include <stdlib.h>
| #endif
| #ifdef HAVE_STRING_H
| # include <string.h>
| #endif
| #ifdef HAVE_INTTYPES_H
| # include <inttypes.h>
| #endif
| #ifdef HAVE_STDINT_H
| # include <stdint.h>
| #endif
| #ifdef HAVE_STRINGS_H
| # include <strings.h>
| #endif
| #ifdef HAVE_SYS_TYPES_H
| # include <sys/types.h>
| #endif
| #ifdef HAVE_SYS_STAT_H
| # include <sys/stat.h>
| #endif
| #ifdef HAVE_UNISTD_H
| # include <unistd.h>
| #endif
| int
| main (void)
| {
| static int test_array [1 - 2 * !(((long int) (sizeof (long long))) <= 0)];
| test_array [0] = 0;
| return test_array [0];
| 
|   ;
|   return 0;
| }
configure:15408: /Users/q/.rustup/toolchains/esp/xtensa-esp-elf/esp-14.2.0_20240906/xtensa-esp-elf/bin/xtensa-esp32-elf-gcc -c -DWOLFSSL_USER_SETTINGS -I/Users/q/Documents/2log-dot-vas/wolfssl-5.8.2/../ -fno-math-errno -mlongcalls -nostdlib -nodefaultlibs -nostartfiles -no-pie    conftest.c >&5
conftest.c: In function 'main':
conftest.c:52:12: error: size of array 'test_array' is negative
   52 | static int test_array [1 - 2 * !(((long int) (sizeof (long long))) <= 1)];
      |            ^~~~~~~~~~
configure:15408: $? = 1
configure: failed program was:
| /* confdefs.h */
| #define PACKAGE_NAME "wolfssl"
| #define PACKAGE_TARNAME "wolfssl"
| #define PACKAGE_VERSION "5.8.2"
| #define PACKAGE_STRING "wolfssl 5.8.2"
| #define PACKAGE_BUGREPORT "https://github.com/wolfssl/wolfssl/issues"
| #define PACKAGE_URL "https://www.wolfssl.com"
| #define HAVE_STDIO_H 1
| #define HAVE_STDLIB_H 1
| #define HAVE_STRING_H 1
| #define HAVE_INTTYPES_H 1
| #define HAVE_STDINT_H 1
| #define HAVE_STRINGS_H 1
| #define HAVE_SYS_STAT_H 1
| #define HAVE_SYS_TYPES_H 1
| #define HAVE_UNISTD_H 1
| #define STDC_HEADERS 1
| #define LT_OBJDIR ".libs/"
| #define HAVE_VISIBILITY 1
| /* end confdefs.h.  */
| #include <stddef.h>
| #ifdef HAVE_STDIO_H
| # include <stdio.h>
| #endif
| #ifdef HAVE_STDLIB_H
| # include <stdlib.h>
| #endif
| #ifdef HAVE_STRING_H
| # include <string.h>
| #endif
| #ifdef HAVE_INTTYPES_H
| # include <inttypes.h>
| #endif
| #ifdef HAVE_STDINT_H
| # include <stdint.h>
| #endif
| #ifdef HAVE_STRINGS_H
| # include <strings.h>
| #endif
| #ifdef HAVE_SYS_TYPES_H
| # include <sys/types.h>
| #endif
| #ifdef HAVE_SYS_STAT_H
| # include <sys/stat.h>
| #endif
| #ifdef HAVE_UNISTD_H
| # include <unistd.h>
| #endif
| int
| main (void)
| {
| static int test_array [1 - 2 * !(((long int) (sizeof (long long))) <= 1)];
| test_array [0] = 0;
| return test_array [0];
| 
|   ;
|   return 0;
| }
configure:15408: /Users/q/.rustup/toolchains/esp/xtensa-esp-elf/esp-14.2.0_20240906/xtensa-esp-elf/bin/xtensa-esp32-elf-gcc -c -DWOLFSSL_USER_SETTINGS -I/Users/q/Documents/2log-dot-vas/wolfssl-5.8.2/../ -fno-math-errno -mlongcalls -nostdlib -nodefaultlibs -nostartfiles -no-pie    conftest.c >&5
conftest.c: In function 'main':
conftest.c:52:12: error: size of array 'test_array' is negative
   52 | static int test_array [1 - 2 * !(((long int) (sizeof (long long))) <= 3)];
      |            ^~~~~~~~~~
configure:15408: $? = 1
configure: failed program was:
| /* confdefs.h */
| #define PACKAGE_NAME "wolfssl"
| #define PACKAGE_TARNAME "wolfssl"
| #define PACKAGE_VERSION "5.8.2"
| #define PACKAGE_STRING "wolfssl 5.8.2"
| #define PACKAGE_BUGREPORT "https://github.com/wolfssl/wolfssl/issues"
| #define PACKAGE_URL "https://www.wolfssl.com"
| #define HAVE_STDIO_H 1
| #define HAVE_STDLIB_H 1
| #define HAVE_STRING_H 1
| #define HAVE_INTTYPES_H 1
| #define HAVE_STDINT_H 1
| #define HAVE_STRINGS_H 1
| #define HAVE_SYS_STAT_H 1
| #define HAVE_SYS_TYPES_H 1
| #define HAVE_UNISTD_H 1
| #define STDC_HEADERS 1
| #define LT_OBJDIR ".libs/"
| #define HAVE_VISIBILITY 1
| /* end confdefs.h.  */
| #include <stddef.h>
| #ifdef HAVE_STDIO_H
| # include <stdio.h>
| #endif
| #ifdef HAVE_STDLIB_H
| # include <stdlib.h>
| #endif
| #ifdef HAVE_STRING_H
| # include <string.h>
| #endif
| #ifdef HAVE_INTTYPES_H
| # include <inttypes.h>
| #endif
| #ifdef HAVE_STDINT_H
| # include <stdint.h>
| #endif
| #ifdef HAVE_STRINGS_H
| # include <strings.h>
| #endif
| #ifdef HAVE_SYS_TYPES_H
| # include <sys/types.h>
| #endif
| #ifdef HAVE_SYS_STAT_H
| # include <sys/stat.h>
| #endif
| #ifdef HAVE_UNISTD_H
| # include <unistd.h>
| #endif
| int
| main (void)
| {
| static int test_array [1 - 2 * !(((long int) (sizeof (long long))) <= 3)];
| test_array [0] = 0;
| return test_array [0];
| 
|   ;
|   return 0;
| }
configure:15408: /Users/q/.rustup/toolchains/esp/xtensa-esp-elf/esp-14.2.0_20240906/xtensa-esp-elf/bin/xtensa-esp32-elf-gcc -c -DWOLFSSL_USER_SETTINGS -I/Users/q/Documents/2log-dot-vas/wolfssl-5.8.2/../ -fno-math-errno -mlongcalls -nostdlib -nodefaultlibs -nostartfiles -no-pie    conftest.c >&5
conftest.c: In function 'main':
conftest.c:52:12: error: size of array 'test_array' is negative
   52 | static int test_array [1 - 2 * !(((long int) (sizeof (long long))) <= 7)];
      |            ^~~~~~~~~~
configure:15408: $? = 1
configure: failed program was:
| /* confdefs.h */
| #define PACKAGE_NAME "wolfssl"
| #define PACKAGE_TARNAME "wolfssl"
| #define PACKAGE_VERSION "5.8.2"
| #define PACKAGE_STRING "wolfssl 5.8.2"
| #define PACKAGE_BUGREPORT "https://github.com/wolfssl/wolfssl/issues"
| #define PACKAGE_URL "https://www.wolfssl.com"
| #define HAVE_STDIO_H 1
| #define HAVE_STDLIB_H 1
| #define HAVE_STRING_H 1
| #define HAVE_INTTYPES_H 1
| #define HAVE_STDINT_H 1
| #define HAVE_STRINGS_H 1
| #define HAVE_SYS_STAT_H 1
| #define HAVE_SYS_TYPES_H 1
| #define HAVE_UNISTD_H 1
| #define STDC_HEADERS 1
| #define LT_OBJDIR ".libs/"
| #define HAVE_VISIBILITY 1
| /* end confdefs.h.  */
| #include <stddef.h>
| #ifdef HAVE_STDIO_H
| # include <stdio.h>
| #endif
| #ifdef HAVE_STDLIB_H
| # include <stdlib.h>
| #endif
| #ifdef HAVE_STRING_H
| # include <string.h>
| #endif
| #ifdef HAVE_INTTYPES_H
| # include <inttypes.h>
| #endif
| #ifdef HAVE_STDINT_H
| # include <stdint.h>
| #endif
| #ifdef HAVE_STRINGS_H
| # include <strings.h>
| #endif
| #ifdef HAVE_SYS_TYPES_H
| # include <sys/types.h>
| #endif
| #ifdef HAVE_SYS_STAT_H
| # include <sys/stat.h>
| #endif
| #ifdef HAVE_UNISTD_H
| # include <unistd.h>
| #endif
| int
| main (void)
| {
| static int test_array [1 - 2 * !(((long int) (sizeof (long long))) <= 7)];
| test_array [0] = 0;
| return test_array [0];
| 
|   ;
|   return 0;
| }
configure:15408: /Users/q/.rustup/toolchains/esp/xtensa-esp-elf/esp-14.2.0_20240906/xtensa-esp-elf/bin/xtensa-esp32-elf-gcc -c -DWOLFSSL_USER_SETTINGS -I/Users/q/Documents/2log-dot-vas/wolfssl-5.8.2/../ -fno-math-errno -mlongcalls -nostdlib -nodefaultlibs -nostartfiles -no-pie    conftest.c >&5
configure:15408: $? = 0
configure:15408: /Users/q/.rustup/toolchains/esp/xtensa-esp-elf/esp-14.2.0_20240906/xtensa-esp-elf/bin/xtensa-esp32-elf-gcc -c -DWOLFSSL_USER_SETTINGS -I/Users/q/Documents/2log-dot-vas/wolfssl-5.8.2/../ -fno-math-errno -mlongcalls -nostdlib -nodefaultlibs -nostartfiles -no-pie    conftest.c >&5
configure:15408: $? = 0
configure:15408: /Users/q/.rustup/toolchains/esp/xtensa-esp-elf/esp-14.2.0_20240906/xtensa-esp-elf/bin/xtensa-esp32-elf-gcc -c -DWOLFSSL_USER_SETTINGS -I/Users/q/Documents/2log-dot-vas/wolfssl-5.8.2/../ -fno-math-errno -mlongcalls -nostdlib -nodefaultlibs -nostartfiles -no-pie    conftest.c >&5
configure:15408: $? = 0
configure:15408: /Users/q/.rustup/toolchains/esp/xtensa-esp-elf/esp-14.2.0_20240906/xtensa-esp-elf/bin/xtensa-esp32-elf-gcc -c -DWOLFSSL_USER_SETTINGS -I/Users/q/Documents/2log-dot-vas/wolfssl-5.8.2/../ -fno-math-errno -mlongcalls -nostdlib -nodefaultlibs -nostartfiles -no-pie    conftest.c >&5
configure:15408: $? = 0
configure:15425: result: 8
configure:15437: checking size of long
configure:15443: /Users/q/.rustup/toolchains/esp/xtensa-esp-elf/esp-14.2.0_20240906/xtensa-esp-elf/bin/xtensa-esp32-elf-gcc -c -DWOLFSSL_USER_SETTINGS -I/Users/q/Documents/2log-dot-vas/wolfssl-5.8.2/../ -fno-math-errno -mlongcalls -nostdlib -nodefaultlibs -nostartfiles -no-pie    conftest.c >&5
configure:15443: $? = 0
configure:15443: /Users/q/.rustup/toolchains/esp/xtensa-esp-elf/esp-14.2.0_20240906/xtensa-esp-elf/bin/xtensa-esp32-elf-gcc -c -DWOLFSSL_USER_SETTINGS -I/Users/q/Documents/2log-dot-vas/wolfssl-5.8.2/../ -fno-math-errno -mlongcalls -nostdlib -nodefaultlibs -nostartfiles -no-pie    conftest.c >&5
conftest.c: In function 'main':
conftest.c:53:12: error: size of array 'test_array' is negative
   53 | static int test_array [1 - 2 * !(((long int) (sizeof (long))) <= 0)];
      |            ^~~~~~~~~~
configure:15443: $? = 1
configure: failed program was:
| /* confdefs.h */
| #define PACKAGE_NAME "wolfssl"
| #define PACKAGE_TARNAME "wolfssl"
| #define PACKAGE_VERSION "5.8.2"
| #define PACKAGE_STRING "wolfssl 5.8.2"
| #define PACKAGE_BUGREPORT "https://github.com/wolfssl/wolfssl/issues"
| #define PACKAGE_URL "https://www.wolfssl.com"
| #define HAVE_STDIO_H 1
| #define HAVE_STDLIB_H 1
| #define HAVE_STRING_H 1
| #define HAVE_INTTYPES_H 1
| #define HAVE_STDINT_H 1
| #define HAVE_STRINGS_H 1
| #define HAVE_SYS_STAT_H 1
| #define HAVE_SYS_TYPES_H 1
| #define HAVE_UNISTD_H 1
| #define STDC_HEADERS 1
| #define LT_OBJDIR ".libs/"
| #define HAVE_VISIBILITY 1
| #define SIZEOF_LONG_LONG 8
| /* end confdefs.h.  */
| #include <stddef.h>
| #ifdef HAVE_STDIO_H
| # include <stdio.h>
| #endif
| #ifdef HAVE_STDLIB_H
| # include <stdlib.h>
| #endif
| #ifdef HAVE_STRING_H
| # include <string.h>
| #endif
| #ifdef HAVE_INTTYPES_H
| # include <inttypes.h>
| #endif
| #ifdef HAVE_STDINT_H
| # include <stdint.h>
| #endif
| #ifdef HAVE_STRINGS_H
| # include <strings.h>
| #endif
| #ifdef HAVE_SYS_TYPES_H
| # include <sys/types.h>
| #endif
| #ifdef HAVE_SYS_STAT_H
| # include <sys/stat.h>
| #endif
| #ifdef HAVE_UNISTD_H
| # include <unistd.h>
| #endif
| int
| main (void)
| {
| static int test_array [1 - 2 * !(((long int) (sizeof (long))) <= 0)];
| test_array [0] = 0;
| return test_array [0];
| 
|   ;
|   return 0;
| }
configure:15443: /Users/q/.rustup/toolchains/esp/xtensa-esp-elf/esp-14.2.0_20240906/xtensa-esp-elf/bin/xtensa-esp32-elf-gcc -c -DWOLFSSL_USER_SETTINGS -I/Users/q/Documents/2log-dot-vas/wolfssl-5.8.2/../ -fno-math-errno -mlongcalls -nostdlib -nodefaultlibs -nostartfiles -no-pie    conftest.c >&5
conftest.c: In function 'main':
conftest.c:53:12: error: size of array 'test_array' is negative
   53 | static int test_array [1 - 2 * !(((long int) (sizeof (long))) <= 1)];
      |            ^~~~~~~~~~
configure:15443: $? = 1
configure: failed program was:
| /* confdefs.h */
| #define PACKAGE_NAME "wolfssl"
| #define PACKAGE_TARNAME "wolfssl"
| #define PACKAGE_VERSION "5.8.2"
| #define PACKAGE_STRING "wolfssl 5.8.2"
| #define PACKAGE_BUGREPORT "https://github.com/wolfssl/wolfssl/issues"
| #define PACKAGE_URL "https://www.wolfssl.com"
| #define HAVE_STDIO_H 1
| #define HAVE_STDLIB_H 1
| #define HAVE_STRING_H 1
| #define HAVE_INTTYPES_H 1
| #define HAVE_STDINT_H 1
| #define HAVE_STRINGS_H 1
| #define HAVE_SYS_STAT_H 1
| #define HAVE_SYS_TYPES_H 1
| #define HAVE_UNISTD_H 1
| #define STDC_HEADERS 1
| #define LT_OBJDIR ".libs/"
| #define HAVE_VISIBILITY 1
| #define SIZEOF_LONG_LONG 8
| /* end confdefs.h.  */
| #include <stddef.h>
| #ifdef HAVE_STDIO_H
| # include <stdio.h>
| #endif
| #ifdef HAVE_STDLIB_H
| # include <stdlib.h>
| #endif
| #ifdef HAVE_STRING_H
| # include <string.h>
| #endif
| #ifdef HAVE_INTTYPES_H
| # include <inttypes.h>
| #endif
| #ifdef HAVE_STDINT_H
| # include <stdint.h>
| #endif
| #ifdef HAVE_STRINGS_H
| # include <strings.h>
| #endif
| #ifdef HAVE_SYS_TYPES_H
| # include <sys/types.h>
| #endif
| #ifdef HAVE_SYS_STAT_H
| # include <sys/stat.h>
| #endif
| #ifdef HAVE_UNISTD_H
| # include <unistd.h>
| #endif
| int
| main (void)
| {
| static int test_array [1 - 2 * !(((long int) (sizeof (long))) <= 1)];
| test_array [0] = 0;
| return test_array [0];
| 
|   ;
|   return 0;
| }
configure:15443: /Users/q/.rustup/toolchains/esp/xtensa-esp-elf/esp-14.2.0_20240906/xtensa-esp-elf/bin/xtensa-esp32-elf-gcc -c -DWOLFSSL_USER_SETTINGS -I/Users/q/Documents/2log-dot-vas/wolfssl-5.8.2/../ -fno-math-errno -mlongcalls -nostdlib -nodefaultlibs -nostartfiles -no-pie    conftest.c >&5
conftest.c: In function 'main':
conftest.c:53:12: error: size of array 'test_array' is negative
   53 | static int test_array [1 - 2 * !(((long int) (sizeof (long))) <= 3)];
      |            ^~~~~~~~~~
configure:15443: $? = 1
configure: failed program was:
| /* confdefs.h */
| #define PACKAGE_NAME "wolfssl"
| #define PACKAGE_TARNAME "wolfssl"
| #define PACKAGE_VERSION "5.8.2"
| #define PACKAGE_STRING "wolfssl 5.8.2"
| #define PACKAGE_BUGREPORT "https://github.com/wolfssl/wolfssl/issues"
| #define PACKAGE_URL "https://www.wolfssl.com"
| #define HAVE_STDIO_H 1
| #define HAVE_STDLIB_H 1
| #define HAVE_STRING_H 1
| #define HAVE_INTTYPES_H 1
| #define HAVE_STDINT_H 1
| #define HAVE_STRINGS_H 1
| #define HAVE_SYS_STAT_H 1
| #define HAVE_SYS_TYPES_H 1
| #define HAVE_UNISTD_H 1
| #define STDC_HEADERS 1
| #define LT_OBJDIR ".libs/"
| #define HAVE_VISIBILITY 1
| #define SIZEOF_LONG_LONG 8
| /* end confdefs.h.  */
| #include <stddef.h>
| #ifdef HAVE_STDIO_H
| # include <stdio.h>
| #endif
| #ifdef HAVE_STDLIB_H
| # include <stdlib.h>
| #endif
| #ifdef HAVE_STRING_H
| # include <string.h>
| #endif
| #ifdef HAVE_INTTYPES_H
| # include <inttypes.h>
| #endif
| #ifdef HAVE_STDINT_H
| # include <stdint.h>
| #endif
| #ifdef HAVE_STRINGS_H
| # include <strings.h>
| #endif
| #ifdef HAVE_SYS_TYPES_H
| # include <sys/types.h>
| #endif
| #ifdef HAVE_SYS_STAT_H
| # include <sys/stat.h>
| #endif
| #ifdef HAVE_UNISTD_H
| # include <unistd.h>
| #endif
| int
| main (void)
| {
| static int test_array [1 - 2 * !(((long int) (sizeof (long))) <= 3)];
| test_array [0] = 0;
| return test_array [0];
| 
|   ;
|   return 0;
| }
configure:15443: /Users/q/.rustup/toolchains/esp/xtensa-esp-elf/esp-14.2.0_20240906/xtensa-esp-elf/bin/xtensa-esp32-elf-gcc -c -DWOLFSSL_USER_SETTINGS -I/Users/q/Documents/2log-dot-vas/wolfssl-5.8.2/../ -fno-math-errno -mlongcalls -nostdlib -nodefaultlibs -nostartfiles -no-pie    conftest.c >&5
configure:15443: $? = 0
configure:15443: /Users/q/.rustup/toolchains/esp/xtensa-esp-elf/esp-14.2.0_20240906/xtensa-esp-elf/bin/xtensa-esp32-elf-gcc -c -DWOLFSSL_USER_SETTINGS -I/Users/q/Documents/2log-dot-vas/wolfssl-5.8.2/../ -fno-math-errno -mlongcalls -nostdlib -nodefaultlibs -nostartfiles -no-pie    conftest.c >&5
configure:15443: $? = 0
configure:15443: /Users/q/.rustup/toolchains/esp/xtensa-esp-elf/esp-14.2.0_20240906/xtensa-esp-elf/bin/xtensa-esp32-elf-gcc -c -DWOLFSSL_USER_SETTINGS -I/Users/q/Documents/2log-dot-vas/wolfssl-5.8.2/../ -fno-math-errno -mlongcalls -nostdlib -nodefaultlibs -nostartfiles -no-pie    conftest.c >&5
configure:15443: $? = 0
configure:15460: result: 4
configure:15472: checking size of time_t
configure:15478: /Users/q/.rustup/toolchains/esp/xtensa-esp-elf/esp-14.2.0_20240906/xtensa-esp-elf/bin/xtensa-esp32-elf-gcc -c -DWOLFSSL_USER_SETTINGS -I/Users/q/Documents/2log-dot-vas/wolfssl-5.8.2/../ -fno-math-errno -mlongcalls -nostdlib -nodefaultlibs -nostartfiles -no-pie    conftest.c >&5
configure:15478: $? = 0
configure:15478: /Users/q/.rustup/toolchains/esp/xtensa-esp-elf/esp-14.2.0_20240906/xtensa-esp-elf/bin/xtensa-esp32-elf-gcc -c -DWOLFSSL_USER_SETTINGS -I/Users/q/Documents/2log-dot-vas/wolfssl-5.8.2/../ -fno-math-errno -mlongcalls -nostdlib -nodefaultlibs -nostartfiles -no-pie    conftest.c >&5
conftest.c: In function 'main':
conftest.c:54:12: error: size of array 'test_array' is negative
   54 | static int test_array [1 - 2 * !(((long int) (sizeof (time_t))) <= 0)];
      |            ^~~~~~~~~~
configure:15478: $? = 1
configure: failed program was:
| /* confdefs.h */
| #define PACKAGE_NAME "wolfssl"
| #define PACKAGE_TARNAME "wolfssl"
| #define PACKAGE_VERSION "5.8.2"
| #define PACKAGE_STRING "wolfssl 5.8.2"
| #define PACKAGE_BUGREPORT "https://github.com/wolfssl/wolfssl/issues"
| #define PACKAGE_URL "https://www.wolfssl.com"
| #define HAVE_STDIO_H 1
| #define HAVE_STDLIB_H 1
| #define HAVE_STRING_H 1
| #define HAVE_INTTYPES_H 1
| #define HAVE_STDINT_H 1
| #define HAVE_STRINGS_H 1
| #define HAVE_SYS_STAT_H 1
| #define HAVE_SYS_TYPES_H 1
| #define HAVE_UNISTD_H 1
| #define STDC_HEADERS 1
| #define LT_OBJDIR ".libs/"
| #define HAVE_VISIBILITY 1
| #define SIZEOF_LONG_LONG 8
| #define SIZEOF_LONG 4
| /* end confdefs.h.  */
| #include <stddef.h>
| #ifdef HAVE_STDIO_H
| # include <stdio.h>
| #endif
| #ifdef HAVE_STDLIB_H
| # include <stdlib.h>
| #endif
| #ifdef HAVE_STRING_H
| # include <string.h>
| #endif
| #ifdef HAVE_INTTYPES_H
| # include <inttypes.h>
| #endif
| #ifdef HAVE_STDINT_H
| # include <stdint.h>
| #endif
| #ifdef HAVE_STRINGS_H
| # include <strings.h>
| #endif
| #ifdef HAVE_SYS_TYPES_H
| # include <sys/types.h>
| #endif
| #ifdef HAVE_SYS_STAT_H
| # include <sys/stat.h>
| #endif
| #ifdef HAVE_UNISTD_H
| # include <unistd.h>
| #endif
| int
| main (void)
| {
| static int test_array [1 - 2 * !(((long int) (sizeof (time_t))) <= 0)];
| test_array [0] = 0;
| return test_array [0];
| 
|   ;
|   return 0;
| }
configure:15478: /Users/q/.rustup/toolchains/esp/xtensa-esp-elf/esp-14.2.0_20240906/xtensa-esp-elf/bin/xtensa-esp32-elf-gcc -c -DWOLFSSL_USER_SETTINGS -I/Users/q/Documents/2log-dot-vas/wolfssl-5.8.2/../ -fno-math-errno -mlongcalls -nostdlib -nodefaultlibs -nostartfiles -no-pie    conftest.c >&5
conftest.c: In function 'main':
conftest.c:54:12: error: size of array 'test_array' is negative
   54 | static int test_array [1 - 2 * !(((long int) (sizeof (time_t))) <= 1)];
      |            ^~~~~~~~~~
configure:15478: $? = 1
configure: failed program was:
| /* confdefs.h */
| #define PACKAGE_NAME "wolfssl"
| #define PACKAGE_TARNAME "wolfssl"
| #define PACKAGE_VERSION "5.8.2"
| #define PACKAGE_STRING "wolfssl 5.8.2"
| #define PACKAGE_BUGREPORT "https://github.com/wolfssl/wolfssl/issues"
| #define PACKAGE_URL "https://www.wolfssl.com"
| #define HAVE_STDIO_H 1
| #define HAVE_STDLIB_H 1
| #define HAVE_STRING_H 1
| #define HAVE_INTTYPES_H 1
| #define HAVE_STDINT_H 1
| #define HAVE_STRINGS_H 1
| #define HAVE_SYS_STAT_H 1
| #define HAVE_SYS_TYPES_H 1
| #define HAVE_UNISTD_H 1
| #define STDC_HEADERS 1
| #define LT_OBJDIR ".libs/"
| #define HAVE_VISIBILITY 1
| #define SIZEOF_LONG_LONG 8
| #define SIZEOF_LONG 4
| /* end confdefs.h.  */
| #include <stddef.h>
| #ifdef HAVE_STDIO_H
| # include <stdio.h>
| #endif
| #ifdef HAVE_STDLIB_H
| # include <stdlib.h>
| #endif
| #ifdef HAVE_STRING_H
| # include <string.h>
| #endif
| #ifdef HAVE_INTTYPES_H
| # include <inttypes.h>
| #endif
| #ifdef HAVE_STDINT_H
| # include <stdint.h>
| #endif
| #ifdef HAVE_STRINGS_H
| # include <strings.h>
| #endif
| #ifdef HAVE_SYS_TYPES_H
| # include <sys/types.h>
| #endif
| #ifdef HAVE_SYS_STAT_H
| # include <sys/stat.h>
| #endif
| #ifdef HAVE_UNISTD_H
| # include <unistd.h>
| #endif
| int
| main (void)
| {
| static int test_array [1 - 2 * !(((long int) (sizeof (time_t))) <= 1)];
| test_array [0] = 0;
| return test_array [0];
| 
|   ;
|   return 0;
| }
configure:15478: /Users/q/.rustup/toolchains/esp/xtensa-esp-elf/esp-14.2.0_20240906/xtensa-esp-elf/bin/xtensa-esp32-elf-gcc -c -DWOLFSSL_USER_SETTINGS -I/Users/q/Documents/2log-dot-vas/wolfssl-5.8.2/../ -fno-math-errno -mlongcalls -nostdlib -nodefaultlibs -nostartfiles -no-pie    conftest.c >&5
conftest.c: In function 'main':
conftest.c:54:12: error: size of array 'test_array' is negative
   54 | static int test_array [1 - 2 * !(((long int) (sizeof (time_t))) <= 3)];
      |            ^~~~~~~~~~
configure:15478: $? = 1
configure: failed program was:
| /* confdefs.h */
| #define PACKAGE_NAME "wolfssl"
| #define PACKAGE_TARNAME "wolfssl"
| #define PACKAGE_VERSION "5.8.2"
| #define PACKAGE_STRING "wolfssl 5.8.2"
| #define PACKAGE_BUGREPORT "https://github.com/wolfssl/wolfssl/issues"
| #define PACKAGE_URL "https://www.wolfssl.com"
| #define HAVE_STDIO_H 1
| #define HAVE_STDLIB_H 1
| #define HAVE_STRING_H 1
| #define HAVE_INTTYPES_H 1
| #define HAVE_STDINT_H 1
| #define HAVE_STRINGS_H 1
| #define HAVE_SYS_STAT_H 1
| #define HAVE_SYS_TYPES_H 1
| #define HAVE_UNISTD_H 1
| #define STDC_HEADERS 1
| #define LT_OBJDIR ".libs/"
| #define HAVE_VISIBILITY 1
| #define SIZEOF_LONG_LONG 8
| #define SIZEOF_LONG 4
| /* end confdefs.h.  */
| #include <stddef.h>
| #ifdef HAVE_STDIO_H
| # include <stdio.h>
| #endif
| #ifdef HAVE_STDLIB_H
| # include <stdlib.h>
| #endif
| #ifdef HAVE_STRING_H
| # include <string.h>
| #endif
| #ifdef HAVE_INTTYPES_H
| # include <inttypes.h>
| #endif
| #ifdef HAVE_STDINT_H
| # include <stdint.h>
| #endif
| #ifdef HAVE_STRINGS_H
| # include <strings.h>
| #endif
| #ifdef HAVE_SYS_TYPES_H
| # include <sys/types.h>
| #endif
| #ifdef HAVE_SYS_STAT_H
| # include <sys/stat.h>
| #endif
| #ifdef HAVE_UNISTD_H
| # include <unistd.h>
| #endif
| int
| main (void)
| {
| static int test_array [1 - 2 * !(((long int) (sizeof (time_t))) <= 3)];
| test_array [0] = 0;
| return test_array [0];
| 
|   ;
|   return 0;
| }
configure:15478: /Users/q/.rustup/toolchains/esp/xtensa-esp-elf/esp-14.2.0_20240906/xtensa-esp-elf/bin/xtensa-esp32-elf-gcc -c -DWOLFSSL_USER_SETTINGS -I/Users/q/Documents/2log-dot-vas/wolfssl-5.8.2/../ -fno-math-errno -mlongcalls -nostdlib -nodefaultlibs -nostartfiles -no-pie    conftest.c >&5
conftest.c: In function 'main':
conftest.c:54:12: error: size of array 'test_array' is negative
   54 | static int test_array [1 - 2 * !(((long int) (sizeof (time_t))) <= 7)];
      |            ^~~~~~~~~~
configure:15478: $? = 1
configure: failed program was:
| /* confdefs.h */
| #define PACKAGE_NAME "wolfssl"
| #define PACKAGE_TARNAME "wolfssl"
| #define PACKAGE_VERSION "5.8.2"
| #define PACKAGE_STRING "wolfssl 5.8.2"
| #define PACKAGE_BUGREPORT "https://github.com/wolfssl/wolfssl/issues"
| #define PACKAGE_URL "https://www.wolfssl.com"
| #define HAVE_STDIO_H 1
| #define HAVE_STDLIB_H 1
| #define HAVE_STRING_H 1
| #define HAVE_INTTYPES_H 1
| #define HAVE_STDINT_H 1
| #define HAVE_STRINGS_H 1
| #define HAVE_SYS_STAT_H 1
| #define HAVE_SYS_TYPES_H 1
| #define HAVE_UNISTD_H 1
| #define STDC_HEADERS 1
| #define LT_OBJDIR ".libs/"
| #define HAVE_VISIBILITY 1
| #define SIZEOF_LONG_LONG 8
| #define SIZEOF_LONG 4
| /* end confdefs.h.  */
| #include <stddef.h>
| #ifdef HAVE_STDIO_H
| # include <stdio.h>
| #endif
| #ifdef HAVE_STDLIB_H
| # include <stdlib.h>
| #endif
| #ifdef HAVE_STRING_H
| # include <string.h>
| #endif
| #ifdef HAVE_INTTYPES_H
| # include <inttypes.h>
| #endif
| #ifdef HAVE_STDINT_H
| # include <stdint.h>
| #endif
| #ifdef HAVE_STRINGS_H
| # include <strings.h>
| #endif
| #ifdef HAVE_SYS_TYPES_H
| # include <sys/types.h>
| #endif
| #ifdef HAVE_SYS_STAT_H
| # include <sys/stat.h>
| #endif
| #ifdef HAVE_UNISTD_H
| # include <unistd.h>
| #endif
| int
| main (void)
| {
| static int test_array [1 - 2 * !(((long int) (sizeof (time_t))) <= 7)];
| test_array [0] = 0;
| return test_array [0];
| 
|   ;
|   return 0;
| }
configure:15478: /Users/q/.rustup/toolchains/esp/xtensa-esp-elf/esp-14.2.0_20240906/xtensa-esp-elf/bin/xtensa-esp32-elf-gcc -c -DWOLFSSL_USER_SETTINGS -I/Users/q/Documents/2log-dot-vas/wolfssl-5.8.2/../ -fno-math-errno -mlongcalls -nostdlib -nodefaultlibs -nostartfiles -no-pie    conftest.c >&5
configure:15478: $? = 0
configure:15478: /Users/q/.rustup/toolchains/esp/xtensa-esp-elf/esp-14.2.0_20240906/xtensa-esp-elf/bin/xtensa-esp32-elf-gcc -c -DWOLFSSL_USER_SETTINGS -I/Users/q/Documents/2log-dot-vas/wolfssl-5.8.2/../ -fno-math-errno -mlongcalls -nostdlib -nodefaultlibs -nostartfiles -no-pie    conftest.c >&5
configure:15478: $? = 0
configure:15478: /Users/q/.rustup/toolchains/esp/xtensa-esp-elf/esp-14.2.0_20240906/xtensa-esp-elf/bin/xtensa-esp32-elf-gcc -c -DWOLFSSL_USER_SETTINGS -I/Users/q/Documents/2log-dot-vas/wolfssl-5.8.2/../ -fno-math-errno -mlongcalls -nostdlib -nodefaultlibs -nostartfiles -no-pie    conftest.c >&5
configure:15478: $? = 0
configure:15478: /Users/q/.rustup/toolchains/esp/xtensa-esp-elf/esp-14.2.0_20240906/xtensa-esp-elf/bin/xtensa-esp32-elf-gcc -c -DWOLFSSL_USER_SETTINGS -I/Users/q/Documents/2log-dot-vas/wolfssl-5.8.2/../ -fno-math-errno -mlongcalls -nostdlib -nodefaultlibs -nostartfiles -no-pie    conftest.c >&5
configure:15478: $? = 0
configure:15495: result: 8
configure:15503: checking for __uint128_t
configure:15503: /Users/q/.rustup/toolchains/esp/xtensa-esp-elf/esp-14.2.0_20240906/xtensa-esp-elf/bin/xtensa-esp32-elf-gcc -c -DWOLFSSL_USER_SETTINGS -I/Users/q/Documents/2log-dot-vas/wolfssl-5.8.2/../ -fno-math-errno -mlongcalls -nostdlib -nodefaultlibs -nostartfiles -no-pie    conftest.c >&5
conftest.c: In function 'main':
conftest.c:55:13: error: '__uint128_t' undeclared (first use in this function); did you mean '__uint32_t'?
   55 | if (sizeof (__uint128_t))
      |             ^~~~~~~~~~~
      |             __uint32_t
conftest.c:55:13: note: each undeclared identifier is reported only once for each function it appears in
configure:15503: $? = 1
configure: failed program was:
| /* confdefs.h */
| #define PACKAGE_NAME "wolfssl"
| #define PACKAGE_TARNAME "wolfssl"
| #define PACKAGE_VERSION "5.8.2"
| #define PACKAGE_STRING "wolfssl 5.8.2"
| #define PACKAGE_BUGREPORT "https://github.com/wolfssl/wolfssl/issues"
| #define PACKAGE_URL "https://www.wolfssl.com"
| #define HAVE_STDIO_H 1
| #define HAVE_STDLIB_H 1
| #define HAVE_STRING_H 1
| #define HAVE_INTTYPES_H 1
| #define HAVE_STDINT_H 1
| #define HAVE_STRINGS_H 1
| #define HAVE_SYS_STAT_H 1
| #define HAVE_SYS_TYPES_H 1
| #define HAVE_UNISTD_H 1
| #define STDC_HEADERS 1
| #define LT_OBJDIR ".libs/"
| #define HAVE_VISIBILITY 1
| #define SIZEOF_LONG_LONG 8
| #define SIZEOF_LONG 4
| #define SIZEOF_TIME_T 8
| /* end confdefs.h.  */
| #include <stddef.h>
| #ifdef HAVE_STDIO_H
| # include <stdio.h>
| #endif
| #ifdef HAVE_STDLIB_H
| # include <stdlib.h>
| #endif
| #ifdef HAVE_STRING_H
| # include <string.h>
| #endif
| #ifdef HAVE_INTTYPES_H
| # include <inttypes.h>
| #endif
| #ifdef HAVE_STDINT_H
| # include <stdint.h>
| #endif
| #ifdef HAVE_STRINGS_H
| # include <strings.h>
| #endif
| #ifdef HAVE_SYS_TYPES_H
| # include <sys/types.h>
| #endif
| #ifdef HAVE_SYS_STAT_H
| # include <sys/stat.h>
| #endif
| #ifdef HAVE_UNISTD_H
| # include <unistd.h>
| #endif
| int
| main (void)
| {
| if (sizeof (__uint128_t))
| 	 return 0;
|   ;
|   return 0;
| }
configure:15503: result: no
configure:15586: checking for arpa/inet.h
configure:15586: /Users/q/.rustup/toolchains/esp/xtensa-esp-elf/esp-14.2.0_20240906/xtensa-esp-elf/bin/xtensa-esp32-elf-gcc -c -DWOLFSSL_USER_SETTINGS -I/Users/q/Documents/2log-dot-vas/wolfssl-5.8.2/../ -fno-math-errno -mlongcalls -nostdlib -nodefaultlibs -nostartfiles -no-pie    conftest.c >&5
conftest.c:52:10: fatal error: arpa/inet.h: No such file or directory
   52 | #include <arpa/inet.h>
      |          ^~~~~~~~~~~~~
compilation terminated.
configure:15586: $? = 1
configure: failed program was:
| /* confdefs.h */
| #define PACKAGE_NAME "wolfssl"
| #define PACKAGE_TARNAME "wolfssl"
| #define PACKAGE_VERSION "5.8.2"
| #define PACKAGE_STRING "wolfssl 5.8.2"
| #define PACKAGE_BUGREPORT "https://github.com/wolfssl/wolfssl/issues"
| #define PACKAGE_URL "https://www.wolfssl.com"
| #define HAVE_STDIO_H 1
| #define HAVE_STDLIB_H 1
| #define HAVE_STRING_H 1
| #define HAVE_INTTYPES_H 1
| #define HAVE_STDINT_H 1
| #define HAVE_STRINGS_H 1
| #define HAVE_SYS_STAT_H 1
| #define HAVE_SYS_TYPES_H 1
| #define HAVE_UNISTD_H 1
| #define STDC_HEADERS 1
| #define LT_OBJDIR ".libs/"
| #define HAVE_VISIBILITY 1
| #define SIZEOF_LONG_LONG 8
| #define SIZEOF_LONG 4
| #define SIZEOF_TIME_T 8
| /* end confdefs.h.  */
| #include <stddef.h>
| #ifdef HAVE_STDIO_H
| # include <stdio.h>
| #endif
| #ifdef HAVE_STDLIB_H
| # include <stdlib.h>
| #endif
| #ifdef HAVE_STRING_H
| # include <string.h>
| #endif
| #ifdef HAVE_INTTYPES_H
| # include <inttypes.h>
| #endif
| #ifdef HAVE_STDINT_H
| # include <stdint.h>
| #endif
| #ifdef HAVE_STRINGS_H
| # include <strings.h>
| #endif
| #ifdef HAVE_SYS_TYPES_H
| # include <sys/types.h>
| #endif
| #ifdef HAVE_SYS_STAT_H
| # include <sys/stat.h>
| #endif
| #ifdef HAVE_UNISTD_H
| # include <unistd.h>
| #endif
| #include <arpa/inet.h>
configure:15586: result: no
configure:15592: checking for fcntl.h
configure:15592: /Users/q/.rustup/toolchains/esp/xtensa-esp-elf/esp-14.2.0_20240906/xtensa-esp-elf/bin/xtensa-esp32-elf-gcc -c -DWOLFSSL_USER_SETTINGS -I/Users/q/Documents/2log-dot-vas/wolfssl-5.8.2/../ -fno-math-errno -mlongcalls -nostdlib -nodefaultlibs -nostartfiles -no-pie    conftest.c >&5
configure:15592: $? = 0
configure:15592: result: yes
configure:15598: checking for limits.h
configure:15598: /Users/q/.rustup/toolchains/esp/xtensa-esp-elf/esp-14.2.0_20240906/xtensa-esp-elf/bin/xtensa-esp32-elf-gcc -c -DWOLFSSL_USER_SETTINGS -I/Users/q/Documents/2log-dot-vas/wolfssl-5.8.2/../ -fno-math-errno -mlongcalls -nostdlib -nodefaultlibs -nostartfiles -no-pie    conftest.c >&5
configure:15598: $? = 0
configure:15598: result: yes
configure:15604: checking for netdb.h
configure:15604: /Users/q/.rustup/toolchains/esp/xtensa-esp-elf/esp-14.2.0_20240906/xtensa-esp-elf/bin/xtensa-esp32-elf-gcc -c -DWOLFSSL_USER_SETTINGS -I/Users/q/Documents/2log-dot-vas/wolfssl-5.8.2/../ -fno-math-errno -mlongcalls -nostdlib -nodefaultlibs -nostartfiles -no-pie    conftest.c >&5
conftest.c:54:10: fatal error: netdb.h: No such file or directory
   54 | #include <netdb.h>
      |          ^~~~~~~~~
compilation terminated.
configure:15604: $? = 1
configure: failed program was:
| /* confdefs.h */
| #define PACKAGE_NAME "wolfssl"
| #define PACKAGE_TARNAME "wolfssl"
| #define PACKAGE_VERSION "5.8.2"
| #define PACKAGE_STRING "wolfssl 5.8.2"
| #define PACKAGE_BUGREPORT "https://github.com/wolfssl/wolfssl/issues"
| #define PACKAGE_URL "https://www.wolfssl.com"
| #define HAVE_STDIO_H 1
| #define HAVE_STDLIB_H 1
| #define HAVE_STRING_H 1
| #define HAVE_INTTYPES_H 1
| #define HAVE_STDINT_H 1
| #define HAVE_STRINGS_H 1
| #define HAVE_SYS_STAT_H 1
| #define HAVE_SYS_TYPES_H 1
| #define HAVE_UNISTD_H 1
| #define STDC_HEADERS 1
| #define LT_OBJDIR ".libs/"
| #define HAVE_VISIBILITY 1
| #define SIZEOF_LONG_LONG 8
| #define SIZEOF_LONG 4
| #define SIZEOF_TIME_T 8
| #define HAVE_FCNTL_H 1
| #define HAVE_LIMITS_H 1
| /* end confdefs.h.  */
| #include <stddef.h>
| #ifdef HAVE_STDIO_H
| # include <stdio.h>
| #endif
| #ifdef HAVE_STDLIB_H
| # include <stdlib.h>
| #endif
| #ifdef HAVE_STRING_H
| # include <string.h>
| #endif
| #ifdef HAVE_INTTYPES_H
| # include <inttypes.h>
| #endif
| #ifdef HAVE_STDINT_H
| # include <stdint.h>
| #endif
| #ifdef HAVE_STRINGS_H
| # include <strings.h>
| #endif
| #ifdef HAVE_SYS_TYPES_H
| # include <sys/types.h>
| #endif
| #ifdef HAVE_SYS_STAT_H
| # include <sys/stat.h>
| #endif
| #ifdef HAVE_UNISTD_H
| # include <unistd.h>
| #endif
| #include <netdb.h>
configure:15604: result: no
configure:15610: checking for netinet/in.h
configure:15610: /Users/q/.rustup/toolchains/esp/xtensa-esp-elf/esp-14.2.0_20240906/xtensa-esp-elf/bin/xtensa-esp32-elf-gcc -c -DWOLFSSL_USER_SETTINGS -I/Users/q/Documents/2log-dot-vas/wolfssl-5.8.2/../ -fno-math-errno -mlongcalls -nostdlib -nodefaultlibs -nostartfiles -no-pie    conftest.c >&5
conftest.c:54:10: fatal error: netinet/in.h: No such file or directory
   54 | #include <netinet/in.h>
      |          ^~~~~~~~~~~~~~
compilation terminated.
configure:15610: $? = 1
configure: failed program was:
| /* confdefs.h */
| #define PACKAGE_NAME "wolfssl"
| #define PACKAGE_TARNAME "wolfssl"
| #define PACKAGE_VERSION "5.8.2"
| #define PACKAGE_STRING "wolfssl 5.8.2"
| #define PACKAGE_BUGREPORT "https://github.com/wolfssl/wolfssl/issues"
| #define PACKAGE_URL "https://www.wolfssl.com"
| #define HAVE_STDIO_H 1
| #define HAVE_STDLIB_H 1
| #define HAVE_STRING_H 1
| #define HAVE_INTTYPES_H 1
| #define HAVE_STDINT_H 1
| #define HAVE_STRINGS_H 1
| #define HAVE_SYS_STAT_H 1
| #define HAVE_SYS_TYPES_H 1
| #define HAVE_UNISTD_H 1
| #define STDC_HEADERS 1
| #define LT_OBJDIR ".libs/"
| #define HAVE_VISIBILITY 1
| #define SIZEOF_LONG_LONG 8
| #define SIZEOF_LONG 4
| #define SIZEOF_TIME_T 8
| #define HAVE_FCNTL_H 1
| #define HAVE_LIMITS_H 1
| /* end confdefs.h.  */
| #include <stddef.h>
| #ifdef HAVE_STDIO_H
| # include <stdio.h>
| #endif
| #ifdef HAVE_STDLIB_H
| # include <stdlib.h>
| #endif
| #ifdef HAVE_STRING_H
| # include <string.h>
| #endif
| #ifdef HAVE_INTTYPES_H
| # include <inttypes.h>
| #endif
| #ifdef HAVE_STDINT_H
| # include <stdint.h>
| #endif
| #ifdef HAVE_STRINGS_H
| # include <strings.h>
| #endif
| #ifdef HAVE_SYS_TYPES_H
| # include <sys/types.h>
| #endif
| #ifdef HAVE_SYS_STAT_H
| # include <sys/stat.h>
| #endif
| #ifdef HAVE_UNISTD_H
| # include <unistd.h>
| #endif
| #include <netinet/in.h>
configure:15610: result: no
configure:15616: checking for stddef.h
configure:15616: /Users/q/.rustup/toolchains/esp/xtensa-esp-elf/esp-14.2.0_20240906/xtensa-esp-elf/bin/xtensa-esp32-elf-gcc -c -DWOLFSSL_USER_SETTINGS -I/Users/q/Documents/2log-dot-vas/wolfssl-5.8.2/../ -fno-math-errno -mlongcalls -nostdlib -nodefaultlibs -nostartfiles -no-pie    conftest.c >&5
configure:15616: $? = 0
configure:15616: result: yes
configure:15622: checking for time.h
configure:15622: /Users/q/.rustup/toolchains/esp/xtensa-esp-elf/esp-14.2.0_20240906/xtensa-esp-elf/bin/xtensa-esp32-elf-gcc -c -DWOLFSSL_USER_SETTINGS -I/Users/q/Documents/2log-dot-vas/wolfssl-5.8.2/../ -fno-math-errno -mlongcalls -nostdlib -nodefaultlibs -nostartfiles -no-pie    conftest.c >&5
configure:15622: $? = 0
configure:15622: result: yes
configure:15628: checking for sys/ioctl.h
configure:15628: /Users/q/.rustup/toolchains/esp/xtensa-esp-elf/esp-14.2.0_20240906/xtensa-esp-elf/bin/xtensa-esp32-elf-gcc -c -DWOLFSSL_USER_SETTINGS -I/Users/q/Documents/2log-dot-vas/wolfssl-5.8.2/../ -fno-math-errno -mlongcalls -nostdlib -nodefaultlibs -nostartfiles -no-pie    conftest.c >&5
conftest.c:56:10: fatal error: sys/ioctl.h: No such file or directory
   56 | #include <sys/ioctl.h>
      |          ^~~~~~~~~~~~~
compilation terminated.
configure:15628: $? = 1
configure: failed program was:
| /* confdefs.h */
| #define PACKAGE_NAME "wolfssl"
| #define PACKAGE_TARNAME "wolfssl"
| #define PACKAGE_VERSION "5.8.2"
| #define PACKAGE_STRING "wolfssl 5.8.2"
| #define PACKAGE_BUGREPORT "https://github.com/wolfssl/wolfssl/issues"
| #define PACKAGE_URL "https://www.wolfssl.com"
| #define HAVE_STDIO_H 1
| #define HAVE_STDLIB_H 1
| #define HAVE_STRING_H 1
| #define HAVE_INTTYPES_H 1
| #define HAVE_STDINT_H 1
| #define HAVE_STRINGS_H 1
| #define HAVE_SYS_STAT_H 1
| #define HAVE_SYS_TYPES_H 1
| #define HAVE_UNISTD_H 1
| #define STDC_HEADERS 1
| #define LT_OBJDIR ".libs/"
| #define HAVE_VISIBILITY 1
| #define SIZEOF_LONG_LONG 8
| #define SIZEOF_LONG 4
| #define SIZEOF_TIME_T 8
| #define HAVE_FCNTL_H 1
| #define HAVE_LIMITS_H 1
| #define HAVE_STDDEF_H 1
| #define HAVE_TIME_H 1
| /* end confdefs.h.  */
| #include <stddef.h>
| #ifdef HAVE_STDIO_H
| # include <stdio.h>
| #endif
| #ifdef HAVE_STDLIB_H
| # include <stdlib.h>
| #endif
| #ifdef HAVE_STRING_H
| # include <string.h>
| #endif
| #ifdef HAVE_INTTYPES_H
| # include <inttypes.h>
| #endif
| #ifdef HAVE_STDINT_H
| # include <stdint.h>
| #endif
| #ifdef HAVE_STRINGS_H
| # include <strings.h>
| #endif
| #ifdef HAVE_SYS_TYPES_H
| # include <sys/types.h>
| #endif
| #ifdef HAVE_SYS_STAT_H
| # include <sys/stat.h>
| #endif
| #ifdef HAVE_UNISTD_H
| # include <unistd.h>
| #endif
| #include <sys/ioctl.h>
configure:15628: result: no
configure:15634: checking for sys/socket.h
configure:15634: /Users/q/.rustup/toolchains/esp/xtensa-esp-elf/esp-14.2.0_20240906/xtensa-esp-elf/bin/xtensa-esp32-elf-gcc -c -DWOLFSSL_USER_SETTINGS -I/Users/q/Documents/2log-dot-vas/wolfssl-5.8.2/../ -fno-math-errno -mlongcalls -nostdlib -nodefaultlibs -nostartfiles -no-pie    conftest.c >&5
conftest.c:56:10: fatal error: sys/socket.h: No such file or directory
   56 | #include <sys/socket.h>
      |          ^~~~~~~~~~~~~~
compilation terminated.
configure:15634: $? = 1
configure: failed program was:
| /* confdefs.h */
| #define PACKAGE_NAME "wolfssl"
| #define PACKAGE_TARNAME "wolfssl"
| #define PACKAGE_VERSION "5.8.2"
| #define PACKAGE_STRING "wolfssl 5.8.2"
| #define PACKAGE_BUGREPORT "https://github.com/wolfssl/wolfssl/issues"
| #define PACKAGE_URL "https://www.wolfssl.com"
| #define HAVE_STDIO_H 1
| #define HAVE_STDLIB_H 1
| #define HAVE_STRING_H 1
| #define HAVE_INTTYPES_H 1
| #define HAVE_STDINT_H 1
| #define HAVE_STRINGS_H 1
| #define HAVE_SYS_STAT_H 1
| #define HAVE_SYS_TYPES_H 1
| #define HAVE_UNISTD_H 1
| #define STDC_HEADERS 1
| #define LT_OBJDIR ".libs/"
| #define HAVE_VISIBILITY 1
| #define SIZEOF_LONG_LONG 8
| #define SIZEOF_LONG 4
| #define SIZEOF_TIME_T 8
| #define HAVE_FCNTL_H 1
| #define HAVE_LIMITS_H 1
| #define HAVE_STDDEF_H 1
| #define HAVE_TIME_H 1
| /* end confdefs.h.  */
| #include <stddef.h>
| #ifdef HAVE_STDIO_H
| # include <stdio.h>
| #endif
| #ifdef HAVE_STDLIB_H
| # include <stdlib.h>
| #endif
| #ifdef HAVE_STRING_H
| # include <string.h>
| #endif
| #ifdef HAVE_INTTYPES_H
| # include <inttypes.h>
| #endif
| #ifdef HAVE_STDINT_H
| # include <stdint.h>
| #endif
| #ifdef HAVE_STRINGS_H
| # include <strings.h>
| #endif
| #ifdef HAVE_SYS_TYPES_H
| # include <sys/types.h>
| #endif
| #ifdef HAVE_SYS_STAT_H
| # include <sys/stat.h>
| #endif
| #ifdef HAVE_UNISTD_H
| # include <unistd.h>
| #endif
| #include <sys/socket.h>
configure:15634: result: no
configure:15640: checking for sys/time.h
configure:15640: /Users/q/.rustup/toolchains/esp/xtensa-esp-elf/esp-14.2.0_20240906/xtensa-esp-elf/bin/xtensa-esp32-elf-gcc -c -DWOLFSSL_USER_SETTINGS -I/Users/q/Documents/2log-dot-vas/wolfssl-5.8.2/../ -fno-math-errno -mlongcalls -nostdlib -nodefaultlibs -nostartfiles -no-pie    conftest.c >&5
configure:15640: $? = 0
configure:15640: result: yes
configure:15646: checking for errno.h
configure:15646: /Users/q/.rustup/toolchains/esp/xtensa-esp-elf/esp-14.2.0_20240906/xtensa-esp-elf/bin/xtensa-esp32-elf-gcc -c -DWOLFSSL_USER_SETTINGS -I/Users/q/Documents/2log-dot-vas/wolfssl-5.8.2/../ -fno-math-errno -mlongcalls -nostdlib -nodefaultlibs -nostartfiles -no-pie    conftest.c >&5
configure:15646: $? = 0
configure:15646: result: yes
configure:15652: checking for sys/un.h
configure:15652: /Users/q/.rustup/toolchains/esp/xtensa-esp-elf/esp-14.2.0_20240906/xtensa-esp-elf/bin/xtensa-esp32-elf-gcc -c -DWOLFSSL_USER_SETTINGS -I/Users/q/Documents/2log-dot-vas/wolfssl-5.8.2/../ -fno-math-errno -mlongcalls -nostdlib -nodefaultlibs -nostartfiles -no-pie    conftest.c >&5
conftest.c:58:10: fatal error: sys/un.h: No such file or directory
   58 | #include <sys/un.h>
      |          ^~~~~~~~~~
compilation terminated.
configure:15652: $? = 1
configure: failed program was:
| /* confdefs.h */
| #define PACKAGE_NAME "wolfssl"
| #define PACKAGE_TARNAME "wolfssl"
| #define PACKAGE_VERSION "5.8.2"
| #define PACKAGE_STRING "wolfssl 5.8.2"
| #define PACKAGE_BUGREPORT "https://github.com/wolfssl/wolfssl/issues"
| #define PACKAGE_URL "https://www.wolfssl.com"
| #define HAVE_STDIO_H 1
| #define HAVE_STDLIB_H 1
| #define HAVE_STRING_H 1
| #define HAVE_INTTYPES_H 1
| #define HAVE_STDINT_H 1
| #define HAVE_STRINGS_H 1
| #define HAVE_SYS_STAT_H 1
| #define HAVE_SYS_TYPES_H 1
| #define HAVE_UNISTD_H 1
| #define STDC_HEADERS 1
| #define LT_OBJDIR ".libs/"
| #define HAVE_VISIBILITY 1
| #define SIZEOF_LONG_LONG 8
| #define SIZEOF_LONG 4
| #define SIZEOF_TIME_T 8
| #define HAVE_FCNTL_H 1
| #define HAVE_LIMITS_H 1
| #define HAVE_STDDEF_H 1
| #define HAVE_TIME_H 1
| #define HAVE_SYS_TIME_H 1
| #define HAVE_ERRNO_H 1
| /* end confdefs.h.  */
| #include <stddef.h>
| #ifdef HAVE_STDIO_H
| # include <stdio.h>
| #endif
| #ifdef HAVE_STDLIB_H
| # include <stdlib.h>
| #endif
| #ifdef HAVE_STRING_H
| # include <string.h>
| #endif
| #ifdef HAVE_INTTYPES_H
| # include <inttypes.h>
| #endif
| #ifdef HAVE_STDINT_H
| # include <stdint.h>
| #endif
| #ifdef HAVE_STRINGS_H
| # include <strings.h>
| #endif
| #ifdef HAVE_SYS_TYPES_H
| # include <sys/types.h>
| #endif
| #ifdef HAVE_SYS_STAT_H
| # include <sys/stat.h>
| #endif
| #ifdef HAVE_UNISTD_H
| # include <unistd.h>
| #endif
| #include <sys/un.h>
configure:15652: result: no
configure:15658: checking for ctype.h
configure:15658: /Users/q/.rustup/toolchains/esp/xtensa-esp-elf/esp-14.2.0_20240906/xtensa-esp-elf/bin/xtensa-esp32-elf-gcc -c -DWOLFSSL_USER_SETTINGS -I/Users/q/Documents/2log-dot-vas/wolfssl-5.8.2/../ -fno-math-errno -mlongcalls -nostdlib -nodefaultlibs -nostartfiles -no-pie    conftest.c >&5
configure:15658: $? = 0
configure:15658: result: yes
configure:15665: checking for socket in -lnetwork
configure:15694: /Users/q/.rustup/toolchains/esp/xtensa-esp-elf/esp-14.2.0_20240906/xtensa-esp-elf/bin/xtensa-esp32-elf-gcc -o conftest -DWOLFSSL_USER_SETTINGS -I/Users/q/Documents/2log-dot-vas/wolfssl-5.8.2/../ -fno-math-errno -mlongcalls -nostdlib -nodefaultlibs -nostartfiles -no-pie     conftest.c -lnetwork   >&5
/Users/q/.rustup/toolchains/esp/xtensa-esp-elf/esp-14.2.0_20240906/xtensa-esp-elf/bin/../lib/gcc/xtensa-esp-elf/14.2.0/../../../../xtensa-esp-elf/bin/ld: cannot find -lnetwork: No such file or directory
collect2: error: ld returned 1 exit status
configure:15694: $? = 1
configure: failed program was:
| /* confdefs.h */
| #define PACKAGE_NAME "wolfssl"
| #define PACKAGE_TARNAME "wolfssl"
| #define PACKAGE_VERSION "5.8.2"
| #define PACKAGE_STRING "wolfssl 5.8.2"
| #define PACKAGE_BUGREPORT "https://github.com/wolfssl/wolfssl/issues"
| #define PACKAGE_URL "https://www.wolfssl.com"
| #define HAVE_STDIO_H 1
| #define HAVE_STDLIB_H 1
| #define HAVE_STRING_H 1
| #define HAVE_INTTYPES_H 1
| #define HAVE_STDINT_H 1
| #define HAVE_STRINGS_H 1
| #define HAVE_SYS_STAT_H 1
| #define HAVE_SYS_TYPES_H 1
| #define HAVE_UNISTD_H 1
| #define STDC_HEADERS 1
| #define LT_OBJDIR ".libs/"
| #define HAVE_VISIBILITY 1
| #define SIZEOF_LONG_LONG 8
| #define SIZEOF_LONG 4
| #define SIZEOF_TIME_T 8
| #define HAVE_FCNTL_H 1
| #define HAVE_LIMITS_H 1
| #define HAVE_STDDEF_H 1
| #define HAVE_TIME_H 1
| #define HAVE_SYS_TIME_H 1
| #define HAVE_ERRNO_H 1
| #define HAVE_CTYPE_H 1
| /* end confdefs.h.  */
| 
| /* Override any GCC internal prototype to avoid an error.
|    Use char because int might match the return type of a GCC
|    builtin and then its argument prototype would still apply.
|    The 'extern "C"' is for builds by C++ compilers;
|    although this is not generally supported in C code supporting it here
|    has little cost and some practical benefit (sr 110532).  */
| #ifdef __cplusplus
| extern "C"
| #endif
| char socket (void);
| int
| main (void)
| {
| return socket ();
|   ;
|   return 0;
| }
configure:15706: result: no
configure:15716: checking whether byte ordering is bigendian
configure:15732: /Users/q/.rustup/toolchains/esp/xtensa-esp-elf/esp-14.2.0_20240906/xtensa-esp-elf/bin/xtensa-esp32-elf-gcc -c -DWOLFSSL_USER_SETTINGS -I/Users/q/Documents/2log-dot-vas/wolfssl-5.8.2/../ -fno-math-errno -mlongcalls -nostdlib -nodefaultlibs -nostartfiles -no-pie    conftest.c >&5
conftest.c:32:16: error: unknown type name 'not'
   32 |                not a universal capable compiler
      |                ^~~
conftest.c:32:22: error: expected '=', ',', ';', 'asm' or '__attribute__' before 'universal'
   32 |                not a universal capable compiler
      |                      ^~~~~~~~~
conftest.c:32:22: error: unknown type name 'universal'
configure:15732: $? = 1
configure: failed program was:
| /* confdefs.h */
| #define PACKAGE_NAME "wolfssl"
| #define PACKAGE_TARNAME "wolfssl"
| #define PACKAGE_VERSION "5.8.2"
| #define PACKAGE_STRING "wolfssl 5.8.2"
| #define PACKAGE_BUGREPORT "https://github.com/wolfssl/wolfssl/issues"
| #define PACKAGE_URL "https://www.wolfssl.com"
| #define HAVE_STDIO_H 1
| #define HAVE_STDLIB_H 1
| #define HAVE_STRING_H 1
| #define HAVE_INTTYPES_H 1
| #define HAVE_STDINT_H 1
| #define HAVE_STRINGS_H 1
| #define HAVE_SYS_STAT_H 1
| #define HAVE_SYS_TYPES_H 1
| #define HAVE_UNISTD_H 1
| #define STDC_HEADERS 1
| #define LT_OBJDIR ".libs/"
| #define HAVE_VISIBILITY 1
| #define SIZEOF_LONG_LONG 8
| #define SIZEOF_LONG 4
| #define SIZEOF_TIME_T 8
| #define HAVE_FCNTL_H 1
| #define HAVE_LIMITS_H 1
| #define HAVE_STDDEF_H 1
| #define HAVE_TIME_H 1
| #define HAVE_SYS_TIME_H 1
| #define HAVE_ERRNO_H 1
| #define HAVE_CTYPE_H 1
| /* end confdefs.h.  */
| #ifndef __APPLE_CC__
| 	       not a universal capable compiler
| 	     #endif
| 	     typedef int dummy;
| 
configure:15778: /Users/q/.rustup/toolchains/esp/xtensa-esp-elf/esp-14.2.0_20240906/xtensa-esp-elf/bin/xtensa-esp32-elf-gcc -c -DWOLFSSL_USER_SETTINGS -I/Users/q/Documents/2log-dot-vas/wolfssl-5.8.2/../ -fno-math-errno -mlongcalls -nostdlib -nodefaultlibs -nostartfiles -no-pie    conftest.c >&5
configure:15778: $? = 0
configure:15797: /Users/q/.rustup/toolchains/esp/xtensa-esp-elf/esp-14.2.0_20240906/xtensa-esp-elf/bin/xtensa-esp32-elf-gcc -c -DWOLFSSL_USER_SETTINGS -I/Users/q/Documents/2log-dot-vas/wolfssl-5.8.2/../ -fno-math-errno -mlongcalls -nostdlib -nodefaultlibs -nostartfiles -no-pie    conftest.c >&5
conftest.c: In function 'main':
conftest.c:38:18: error: unknown type name 'not'; did you mean 'ino_t'?
   38 |                  not big endian
      |                  ^~~
      |                  ino_t
conftest.c:38:26: error: expected '=', ',', ';', 'asm' or '__attribute__' before 'endian'
   38 |                  not big endian
      |                          ^~~~~~
configure:15797: $? = 1
configure: failed program was:
| /* confdefs.h */
| #define PACKAGE_NAME "wolfssl"
| #define PACKAGE_TARNAME "wolfssl"
| #define PACKAGE_VERSION "5.8.2"
| #define PACKAGE_STRING "wolfssl 5.8.2"
| #define PACKAGE_BUGREPORT "https://github.com/wolfssl/wolfssl/issues"
| #define PACKAGE_URL "https://www.wolfssl.com"
| #define HAVE_STDIO_H 1
| #define HAVE_STDLIB_H 1
| #define HAVE_STRING_H 1
| #define HAVE_INTTYPES_H 1
| #define HAVE_STDINT_H 1
| #define HAVE_STRINGS_H 1
| #define HAVE_SYS_STAT_H 1
| #define HAVE_SYS_TYPES_H 1
| #define HAVE_UNISTD_H 1
| #define STDC_HEADERS 1
| #define LT_OBJDIR ".libs/"
| #define HAVE_VISIBILITY 1
| #define SIZEOF_LONG_LONG 8
| #define SIZEOF_LONG 4
| #define SIZEOF_TIME_T 8
| #define HAVE_FCNTL_H 1
| #define HAVE_LIMITS_H 1
| #define HAVE_STDDEF_H 1
| #define HAVE_TIME_H 1
| #define HAVE_SYS_TIME_H 1
| #define HAVE_ERRNO_H 1
| #define HAVE_CTYPE_H 1
| /* end confdefs.h.  */
| #include <sys/types.h>
| 		#include <sys/param.h>
| 
| int
| main (void)
| {
| #if BYTE_ORDER != BIG_ENDIAN
| 		 not big endian
| 		#endif
| 
|   ;
|   return 0;
| }
configure:15938: result: no
configure:15956: checking for __atomic
configure:15987: /Users/q/.rustup/toolchains/esp/xtensa-esp-elf/esp-14.2.0_20240906/xtensa-esp-elf/bin/xtensa-esp32-elf-gcc -o conftest -DWOLFSSL_USER_SETTINGS -I/Users/q/Documents/2log-dot-vas/wolfssl-5.8.2/../ -fno-math-errno -mlongcalls -nostdlib -nodefaultlibs -nostartfiles -no-pie     conftest.c  >&5
/Users/q/.rustup/toolchains/esp/xtensa-esp-elf/esp-14.2.0_20240906/xtensa-esp-elf/bin/../lib/gcc/xtensa-esp-elf/14.2.0/../../../../xtensa-esp-elf/bin/ld: warning: cannot find entry symbol _start; defaulting to 00400054
/Users/q/.rustup/toolchains/esp/xtensa-esp-elf/esp-14.2.0_20240906/xtensa-esp-elf/bin/../lib/gcc/xtensa-esp-elf/14.2.0/../../../../xtensa-esp-elf/bin/ld: /private/var/folders/m6/kvl6yr995fg1dq1xhqbnldgr0000gq/T//ccj1Dr89.o:(.literal+0x0): undefined reference to `__atomic_load_8'
/Users/q/.rustup/toolchains/esp/xtensa-esp-elf/esp-14.2.0_20240906/xtensa-esp-elf/bin/../lib/gcc/xtensa-esp-elf/14.2.0/../../../../xtensa-esp-elf/bin/ld: /private/var/folders/m6/kvl6yr995fg1dq1xhqbnldgr0000gq/T//ccj1Dr89.o:(.literal+0x4): undefined reference to `__atomic_compare_exchange_8'
/Users/q/.rustup/toolchains/esp/xtensa-esp-elf/esp-14.2.0_20240906/xtensa-esp-elf/bin/../lib/gcc/xtensa-esp-elf/14.2.0/../../../../xtensa-esp-elf/bin/ld: /private/var/folders/m6/kvl6yr995fg1dq1xhqbnldgr0000gq/T//ccj1Dr89.o:(.literal+0x8): undefined reference to `__atomic_fetch_add_8'
/Users/q/.rustup/toolchains/esp/xtensa-esp-elf/esp-14.2.0_20240906/xtensa-esp-elf/bin/../lib/gcc/xtensa-esp-elf/14.2.0/../../../../xtensa-esp-elf/bin/ld: /private/var/folders/m6/kvl6yr995fg1dq1xhqbnldgr0000gq/T//ccj1Dr89.o:(.literal+0xc): undefined reference to `__atomic_fetch_sub_8'
/Users/q/.rustup/toolchains/esp/xtensa-esp-elf/esp-14.2.0_20240906/xtensa-esp-elf/bin/../lib/gcc/xtensa-esp-elf/14.2.0/../../../../xtensa-esp-elf/bin/ld: /private/var/folders/m6/kvl6yr995fg1dq1xhqbnldgr0000gq/T//ccj1Dr89.o:(.literal+0x10): undefined reference to `__atomic_fetch_or_8'
/Users/q/.rustup/toolchains/esp/xtensa-esp-elf/esp-14.2.0_20240906/xtensa-esp-elf/bin/../lib/gcc/xtensa-esp-elf/14.2.0/../../../../xtensa-esp-elf/bin/ld: /private/var/folders/m6/kvl6yr995fg1dq1xhqbnldgr0000gq/T//ccj1Dr89.o:(.literal+0x14): undefined reference to `__atomic_fetch_and_8'
/Users/q/.rustup/toolchains/esp/xtensa-esp-elf/esp-14.2.0_20240906/xtensa-esp-elf/bin/../lib/gcc/xtensa-esp-elf/14.2.0/../../../../xtensa-esp-elf/bin/ld: /private/var/folders/m6/kvl6yr995fg1dq1xhqbnldgr0000gq/T//ccj1Dr89.o: in function `main':
conftest.c:(.text+0xda): undefined reference to `__atomic_load_8'
/Users/q/.rustup/toolchains/esp/xtensa-esp-elf/esp-14.2.0_20240906/xtensa-esp-elf/bin/../lib/gcc/xtensa-esp-elf/14.2.0/../../../../xtensa-esp-elf/bin/ld: conftest.c:(.text+0xf2): undefined reference to `__atomic_compare_exchange_8'
/Users/q/.rustup/toolchains/esp/xtensa-esp-elf/esp-14.2.0_20240906/xtensa-esp-elf/bin/../lib/gcc/xtensa-esp-elf/14.2.0/../../../../xtensa-esp-elf/bin/ld: conftest.c:(.text+0x103): undefined reference to `__atomic_fetch_add_8'
/Users/q/.rustup/toolchains/esp/xtensa-esp-elf/esp-14.2.0_20240906/xtensa-esp-elf/bin/../lib/gcc/xtensa-esp-elf/14.2.0/../../../../xtensa-esp-elf/bin/ld: conftest.c:(.text+0x114): undefined reference to `__atomic_fetch_sub_8'
/Users/q/.rustup/toolchains/esp/xtensa-esp-elf/esp-14.2.0_20240906/xtensa-esp-elf/bin/../lib/gcc/xtensa-esp-elf/14.2.0/../../../../xtensa-esp-elf/bin/ld: conftest.c:(.text+0x127): undefined reference to `__atomic_fetch_or_8'
/Users/q/.rustup/toolchains/esp/xtensa-esp-elf/esp-14.2.0_20240906/xtensa-esp-elf/bin/../lib/gcc/xtensa-esp-elf/14.2.0/../../../../xtensa-esp-elf/bin/ld: conftest.c:(.text+0x13a): undefined reference to `__atomic_fetch_and_8'
collect2: error: ld returned 1 exit status
configure:15987: $? = 1
configure: failed program was:
| /* confdefs.h */
| #define PACKAGE_NAME "wolfssl"
| #define PACKAGE_TARNAME "wolfssl"
| #define PACKAGE_VERSION "5.8.2"
| #define PACKAGE_STRING "wolfssl 5.8.2"
| #define PACKAGE_BUGREPORT "https://github.com/wolfssl/wolfssl/issues"
| #define PACKAGE_URL "https://www.wolfssl.com"
| #define HAVE_STDIO_H 1
| #define HAVE_STDLIB_H 1
| #define HAVE_STRING_H 1
| #define HAVE_INTTYPES_H 1
| #define HAVE_STDINT_H 1
| #define HAVE_STRINGS_H 1
| #define HAVE_SYS_STAT_H 1
| #define HAVE_SYS_TYPES_H 1
| #define HAVE_UNISTD_H 1
| #define STDC_HEADERS 1
| #define LT_OBJDIR ".libs/"
| #define HAVE_VISIBILITY 1
| #define SIZEOF_LONG_LONG 8
| #define SIZEOF_LONG 4
| #define SIZEOF_TIME_T 8
| #define HAVE_FCNTL_H 1
| #define HAVE_LIMITS_H 1
| #define HAVE_STDDEF_H 1
| #define HAVE_TIME_H 1
| #define HAVE_SYS_TIME_H 1
| #define HAVE_ERRNO_H 1
| #define HAVE_CTYPE_H 1
| /* end confdefs.h.  */
| int
|         main (int argc, char **argv)
|         {
|           volatile unsigned long ul1 = 1;
|           unsigned long ul2 = 0, ul3 = 2;
|           __atomic_load_n(&ul1, __ATOMIC_SEQ_CST);
|           __atomic_compare_exchange(&ul1, &ul2, &ul3, 1, __ATOMIC_SEQ_CST, __ATOMIC_SEQ_CST);
|           __atomic_fetch_add(&ul1, 1, __ATOMIC_SEQ_CST);
|           __atomic_fetch_sub(&ul1, 1, __ATOMIC_SEQ_CST);
|           __atomic_or_fetch(&ul1, ul2, __ATOMIC_SEQ_CST);
|           __atomic_and_fetch(&ul1, ul2, __ATOMIC_SEQ_CST);
|           volatile unsigned long long ull1 = 1;
|           unsigned long long ull2 = 0, ull3 = 2;
|           __atomic_load_n(&ull1, __ATOMIC_SEQ_CST);
|           __atomic_compare_exchange(&ull1, &ull2, &ull3, 1, __ATOMIC_SEQ_CST, __ATOMIC_SEQ_CST);
|           __atomic_fetch_add(&ull1, 1, __ATOMIC_SEQ_CST);
|           __atomic_fetch_sub(&ull1, 1, __ATOMIC_SEQ_CST);
|           __atomic_or_fetch(&ull1, ull2, __ATOMIC_SEQ_CST);
|           __atomic_and_fetch(&ull1, ull2, __ATOMIC_SEQ_CST);
|           return 0;
|         }
| 
configure:15998: result: no
configure:16007: checking for stdatomic.h
configure:16007: /Users/q/.rustup/toolchains/esp/xtensa-esp-elf/esp-14.2.0_20240906/xtensa-esp-elf/bin/xtensa-esp32-elf-gcc -c -DWOLFSSL_USER_SETTINGS -I/Users/q/Documents/2log-dot-vas/wolfssl-5.8.2/../ -fno-math-errno -mlongcalls -nostdlib -nodefaultlibs -nostartfiles -no-pie    conftest.c >&5
configure:16007: $? = 0
configure:16007: result: yes
configure:16013: checking for assert.h
configure:16013: /Users/q/.rustup/toolchains/esp/xtensa-esp-elf/esp-14.2.0_20240906/xtensa-esp-elf/bin/xtensa-esp32-elf-gcc -c -DWOLFSSL_USER_SETTINGS -I/Users/q/Documents/2log-dot-vas/wolfssl-5.8.2/../ -fno-math-errno -mlongcalls -nostdlib -nodefaultlibs -nostartfiles -no-pie    conftest.c >&5
configure:16013: $? = 0
configure:16013: result: yes
configure:16023: checking for gethostbyname
configure:16023: /Users/q/.rustup/toolchains/esp/xtensa-esp-elf/esp-14.2.0_20240906/xtensa-esp-elf/bin/xtensa-esp32-elf-gcc -o conftest -DWOLFSSL_USER_SETTINGS -I/Users/q/Documents/2log-dot-vas/wolfssl-5.8.2/../ -fno-math-errno -mlongcalls -nostdlib -nodefaultlibs -nostartfiles -no-pie     conftest.c  >&5
/Users/q/.rustup/toolchains/esp/xtensa-esp-elf/esp-14.2.0_20240906/xtensa-esp-elf/bin/../lib/gcc/xtensa-esp-elf/14.2.0/../../../../xtensa-esp-elf/bin/ld: warning: cannot find entry symbol _start; defaulting to 00400054
/Users/q/.rustup/toolchains/esp/xtensa-esp-elf/esp-14.2.0_20240906/xtensa-esp-elf/bin/../lib/gcc/xtensa-esp-elf/14.2.0/../../../../xtensa-esp-elf/bin/ld: /private/var/folders/m6/kvl6yr995fg1dq1xhqbnldgr0000gq/T//ccDJqptP.o:(.literal+0x0): undefined reference to `gethostbyname'
/Users/q/.rustup/toolchains/esp/xtensa-esp-elf/esp-14.2.0_20240906/xtensa-esp-elf/bin/../lib/gcc/xtensa-esp-elf/14.2.0/../../../../xtensa-esp-elf/bin/ld: /private/var/folders/m6/kvl6yr995fg1dq1xhqbnldgr0000gq/T//ccDJqptP.o: in function `main':
conftest.c:(.text+0x6): undefined reference to `gethostbyname'
collect2: error: ld returned 1 exit status
configure:16023: $? = 1
configure: failed program was:
| /* confdefs.h */
| #define PACKAGE_NAME "wolfssl"
| #define PACKAGE_TARNAME "wolfssl"
| #define PACKAGE_VERSION "5.8.2"
| #define PACKAGE_STRING "wolfssl 5.8.2"
| #define PACKAGE_BUGREPORT "https://github.com/wolfssl/wolfssl/issues"
| #define PACKAGE_URL "https://www.wolfssl.com"
| #define HAVE_STDIO_H 1
| #define HAVE_STDLIB_H 1
| #define HAVE_STRING_H 1
| #define HAVE_INTTYPES_H 1
| #define HAVE_STDINT_H 1
| #define HAVE_STRINGS_H 1
| #define HAVE_SYS_STAT_H 1
| #define HAVE_SYS_TYPES_H 1
| #define HAVE_UNISTD_H 1
| #define STDC_HEADERS 1
| #define LT_OBJDIR ".libs/"
| #define HAVE_VISIBILITY 1
| #define SIZEOF_LONG_LONG 8
| #define SIZEOF_LONG 4
| #define SIZEOF_TIME_T 8
| #define HAVE_FCNTL_H 1
| #define HAVE_LIMITS_H 1
| #define HAVE_STDDEF_H 1
| #define HAVE_TIME_H 1
| #define HAVE_SYS_TIME_H 1
| #define HAVE_ERRNO_H 1
| #define HAVE_CTYPE_H 1
| /* end confdefs.h.  */
| /* Define gethostbyname to an innocuous variant, in case <limits.h> declares gethostbyname.
|    For example, HP-UX 11i <limits.h> declares gettimeofday.  */
| #define gethostbyname innocuous_gethostbyname
| 
| /* System header to define __stub macros and hopefully few prototypes,
|    which can conflict with char gethostbyname (void); below.  */
| 
| #include <limits.h>
| #undef gethostbyname
| 
| /* Override any GCC internal prototype to avoid an error.
|    Use char because int might match the return type of a GCC
|    builtin and then its argument prototype would still apply.  */
| #ifdef __cplusplus
| extern "C"
| #endif
| char gethostbyname (void);
| /* The GNU C library defines this for functions which it implements
|     to always fail with ENOSYS.  Some functions are actually named
|     something starting with __ and the normal name is an alias.  */
| #if defined __stub_gethostbyname || defined __stub___gethostbyname
| choke me
| #endif
| 
| int
| main (void)
| {
| return gethostbyname ();
|   ;
|   return 0;
| }
configure:16023: result: no
configure:16029: checking for getaddrinfo
configure:16029: /Users/q/.rustup/toolchains/esp/xtensa-esp-elf/esp-14.2.0_20240906/xtensa-esp-elf/bin/xtensa-esp32-elf-gcc -o conftest -DWOLFSSL_USER_SETTINGS -I/Users/q/Documents/2log-dot-vas/wolfssl-5.8.2/../ -fno-math-errno -mlongcalls -nostdlib -nodefaultlibs -nostartfiles -no-pie     conftest.c  >&5
/Users/q/.rustup/toolchains/esp/xtensa-esp-elf/esp-14.2.0_20240906/xtensa-esp-elf/bin/../lib/gcc/xtensa-esp-elf/14.2.0/../../../../xtensa-esp-elf/bin/ld: warning: cannot find entry symbol _start; defaulting to 00400054
/Users/q/.rustup/toolchains/esp/xtensa-esp-elf/esp-14.2.0_20240906/xtensa-esp-elf/bin/../lib/gcc/xtensa-esp-elf/14.2.0/../../../../xtensa-esp-elf/bin/ld: /private/var/folders/m6/kvl6yr995fg1dq1xhqbnldgr0000gq/T//ccgAHIzt.o:(.literal+0x0): undefined reference to `getaddrinfo'
/Users/q/.rustup/toolchains/esp/xtensa-esp-elf/esp-14.2.0_20240906/xtensa-esp-elf/bin/../lib/gcc/xtensa-esp-elf/14.2.0/../../../../xtensa-esp-elf/bin/ld: /private/var/folders/m6/kvl6yr995fg1dq1xhqbnldgr0000gq/T//ccgAHIzt.o: in function `main':
conftest.c:(.text+0x6): undefined reference to `getaddrinfo'
collect2: error: ld returned 1 exit status
configure:16029: $? = 1
configure: failed program was:
| /* confdefs.h */
| #define PACKAGE_NAME "wolfssl"
| #define PACKAGE_TARNAME "wolfssl"
| #define PACKAGE_VERSION "5.8.2"
| #define PACKAGE_STRING "wolfssl 5.8.2"
| #define PACKAGE_BUGREPORT "https://github.com/wolfssl/wolfssl/issues"
| #define PACKAGE_URL "https://www.wolfssl.com"
| #define HAVE_STDIO_H 1
| #define HAVE_STDLIB_H 1
| #define HAVE_STRING_H 1
| #define HAVE_INTTYPES_H 1
| #define HAVE_STDINT_H 1
| #define HAVE_STRINGS_H 1
| #define HAVE_SYS_STAT_H 1
| #define HAVE_SYS_TYPES_H 1
| #define HAVE_UNISTD_H 1
| #define STDC_HEADERS 1
| #define LT_OBJDIR ".libs/"
| #define HAVE_VISIBILITY 1
| #define SIZEOF_LONG_LONG 8
| #define SIZEOF_LONG 4
| #define SIZEOF_TIME_T 8
| #define HAVE_FCNTL_H 1
| #define HAVE_LIMITS_H 1
| #define HAVE_STDDEF_H 1
| #define HAVE_TIME_H 1
| #define HAVE_SYS_TIME_H 1
| #define HAVE_ERRNO_H 1
| #define HAVE_CTYPE_H 1
| /* end confdefs.h.  */
| /* Define getaddrinfo to an innocuous variant, in case <limits.h> declares getaddrinfo.
|    For example, HP-UX 11i <limits.h> declares gettimeofday.  */
| #define getaddrinfo innocuous_getaddrinfo
| 
| /* System header to define __stub macros and hopefully few prototypes,
|    which can conflict with char getaddrinfo (void); below.  */
| 
| #include <limits.h>
| #undef getaddrinfo
| 
| /* Override any GCC internal prototype to avoid an error.
|    Use char because int might match the return type of a GCC
|    builtin and then its argument prototype would still apply.  */
| #ifdef __cplusplus
| extern "C"
| #endif
| char getaddrinfo (void);
| /* The GNU C library defines this for functions which it implements
|     to always fail with ENOSYS.  Some functions are actually named
|     something starting with __ and the normal name is an alias.  */
| #if defined __stub_getaddrinfo || defined __stub___getaddrinfo
| choke me
| #endif
| 
| int
| main (void)
| {
| return getaddrinfo ();
|   ;
|   return 0;
| }
configure:16029: result: no
configure:16035: checking for gettimeofday
configure:16035: /Users/q/.rustup/toolchains/esp/xtensa-esp-elf/esp-14.2.0_20240906/xtensa-esp-elf/bin/xtensa-esp32-elf-gcc -o conftest -DWOLFSSL_USER_SETTINGS -I/Users/q/Documents/2log-dot-vas/wolfssl-5.8.2/../ -fno-math-errno -mlongcalls -nostdlib -nodefaultlibs -nostartfiles -no-pie     conftest.c  >&5
/Users/q/.rustup/toolchains/esp/xtensa-esp-elf/esp-14.2.0_20240906/xtensa-esp-elf/bin/../lib/gcc/xtensa-esp-elf/14.2.0/../../../../xtensa-esp-elf/bin/ld: warning: cannot find entry symbol _start; defaulting to 00400054
/Users/q/.rustup/toolchains/esp/xtensa-esp-elf/esp-14.2.0_20240906/xtensa-esp-elf/bin/../lib/gcc/xtensa-esp-elf/14.2.0/../../../../xtensa-esp-elf/bin/ld: /private/var/folders/m6/kvl6yr995fg1dq1xhqbnldgr0000gq/T//ccWyjWAg.o:(.literal+0x0): undefined reference to `gettimeofday'
/Users/q/.rustup/toolchains/esp/xtensa-esp-elf/esp-14.2.0_20240906/xtensa-esp-elf/bin/../lib/gcc/xtensa-esp-elf/14.2.0/../../../../xtensa-esp-elf/bin/ld: /private/var/folders/m6/kvl6yr995fg1dq1xhqbnldgr0000gq/T//ccWyjWAg.o: in function `main':
conftest.c:(.text+0x6): undefined reference to `gettimeofday'
collect2: error: ld returned 1 exit status
configure:16035: $? = 1
configure: failed program was:
| /* confdefs.h */
| #define PACKAGE_NAME "wolfssl"
| #define PACKAGE_TARNAME "wolfssl"
| #define PACKAGE_VERSION "5.8.2"
| #define PACKAGE_STRING "wolfssl 5.8.2"
| #define PACKAGE_BUGREPORT "https://github.com/wolfssl/wolfssl/issues"
| #define PACKAGE_URL "https://www.wolfssl.com"
| #define HAVE_STDIO_H 1
| #define HAVE_STDLIB_H 1
| #define HAVE_STRING_H 1
| #define HAVE_INTTYPES_H 1
| #define HAVE_STDINT_H 1
| #define HAVE_STRINGS_H 1
| #define HAVE_SYS_STAT_H 1
| #define HAVE_SYS_TYPES_H 1
| #define HAVE_UNISTD_H 1
| #define STDC_HEADERS 1
| #define LT_OBJDIR ".libs/"
| #define HAVE_VISIBILITY 1
| #define SIZEOF_LONG_LONG 8
| #define SIZEOF_LONG 4
| #define SIZEOF_TIME_T 8
| #define HAVE_FCNTL_H 1
| #define HAVE_LIMITS_H 1
| #define HAVE_STDDEF_H 1
| #define HAVE_TIME_H 1
| #define HAVE_SYS_TIME_H 1
| #define HAVE_ERRNO_H 1
| #define HAVE_CTYPE_H 1
| /* end confdefs.h.  */
| /* Define gettimeofday to an innocuous variant, in case <limits.h> declares gettimeofday.
|    For example, HP-UX 11i <limits.h> declares gettimeofday.  */
| #define gettimeofday innocuous_gettimeofday
| 
| /* System header to define __stub macros and hopefully few prototypes,
|    which can conflict with char gettimeofday (void); below.  */
| 
| #include <limits.h>
| #undef gettimeofday
| 
| /* Override any GCC internal prototype to avoid an error.
|    Use char because int might match the return type of a GCC
|    builtin and then its argument prototype would still apply.  */
| #ifdef __cplusplus
| extern "C"
| #endif
| char gettimeofday (void);
| /* The GNU C library defines this for functions which it implements
|     to always fail with ENOSYS.  Some functions are actually named
|     something starting with __ and the normal name is an alias.  */
| #if defined __stub_gettimeofday || defined __stub___gettimeofday
| choke me
| #endif
| 
| int
| main (void)
| {
| return gettimeofday ();
|   ;
|   return 0;
| }
configure:16035: result: no
configure:16041: checking for gmtime_r
configure:16041: /Users/q/.rustup/toolchains/esp/xtensa-esp-elf/esp-14.2.0_20240906/xtensa-esp-elf/bin/xtensa-esp32-elf-gcc -o conftest -DWOLFSSL_USER_SETTINGS -I/Users/q/Documents/2log-dot-vas/wolfssl-5.8.2/../ -fno-math-errno -mlongcalls -nostdlib -nodefaultlibs -nostartfiles -no-pie     conftest.c  >&5
/Users/q/.rustup/toolchains/esp/xtensa-esp-elf/esp-14.2.0_20240906/xtensa-esp-elf/bin/../lib/gcc/xtensa-esp-elf/14.2.0/../../../../xtensa-esp-elf/bin/ld: warning: cannot find entry symbol _start; defaulting to 00400054
/Users/q/.rustup/toolchains/esp/xtensa-esp-elf/esp-14.2.0_20240906/xtensa-esp-elf/bin/../lib/gcc/xtensa-esp-elf/14.2.0/../../../../xtensa-esp-elf/bin/ld: /private/var/folders/m6/kvl6yr995fg1dq1xhqbnldgr0000gq/T//ccZBH53y.o:(.literal+0x0): undefined reference to `gmtime_r'
/Users/q/.rustup/toolchains/esp/xtensa-esp-elf/esp-14.2.0_20240906/xtensa-esp-elf/bin/../lib/gcc/xtensa-esp-elf/14.2.0/../../../../xtensa-esp-elf/bin/ld: /private/var/folders/m6/kvl6yr995fg1dq1xhqbnldgr0000gq/T//ccZBH53y.o: in function `main':
conftest.c:(.text+0x6): undefined reference to `gmtime_r'
collect2: error: ld returned 1 exit status
configure:16041: $? = 1
configure: failed program was:
| /* confdefs.h */
| #define PACKAGE_NAME "wolfssl"
| #define PACKAGE_TARNAME "wolfssl"
| #define PACKAGE_VERSION "5.8.2"
| #define PACKAGE_STRING "wolfssl 5.8.2"
| #define PACKAGE_BUGREPORT "https://github.com/wolfssl/wolfssl/issues"
| #define PACKAGE_URL "https://www.wolfssl.com"
| #define HAVE_STDIO_H 1
| #define HAVE_STDLIB_H 1
| #define HAVE_STRING_H 1
| #define HAVE_INTTYPES_H 1
| #define HAVE_STDINT_H 1
| #define HAVE_STRINGS_H 1
| #define HAVE_SYS_STAT_H 1
| #define HAVE_SYS_TYPES_H 1
| #define HAVE_UNISTD_H 1
| #define STDC_HEADERS 1
| #define LT_OBJDIR ".libs/"
| #define HAVE_VISIBILITY 1
| #define SIZEOF_LONG_LONG 8
| #define SIZEOF_LONG 4
| #define SIZEOF_TIME_T 8
| #define HAVE_FCNTL_H 1
| #define HAVE_LIMITS_H 1
| #define HAVE_STDDEF_H 1
| #define HAVE_TIME_H 1
| #define HAVE_SYS_TIME_H 1
| #define HAVE_ERRNO_H 1
| #define HAVE_CTYPE_H 1
| /* end confdefs.h.  */
| /* Define gmtime_r to an innocuous variant, in case <limits.h> declares gmtime_r.
|    For example, HP-UX 11i <limits.h> declares gettimeofday.  */
| #define gmtime_r innocuous_gmtime_r
| 
| /* System header to define __stub macros and hopefully few prototypes,
|    which can conflict with char gmtime_r (void); below.  */
| 
| #include <limits.h>
| #undef gmtime_r
| 
| /* Override any GCC internal prototype to avoid an error.
|    Use char because int might match the return type of a GCC
|    builtin and then its argument prototype would still apply.  */
| #ifdef __cplusplus
| extern "C"
| #endif
| char gmtime_r (void);
| /* The GNU C library defines this for functions which it implements
|     to always fail with ENOSYS.  Some functions are actually named
|     something starting with __ and the normal name is an alias.  */
| #if defined __stub_gmtime_r || defined __stub___gmtime_r
| choke me
| #endif
| 
| int
| main (void)
| {
| return gmtime_r ();
|   ;
|   return 0;
| }
configure:16041: result: no
configure:16047: checking for gmtime_s
configure:16047: /Users/q/.rustup/toolchains/esp/xtensa-esp-elf/esp-14.2.0_20240906/xtensa-esp-elf/bin/xtensa-esp32-elf-gcc -o conftest -DWOLFSSL_USER_SETTINGS -I/Users/q/Documents/2log-dot-vas/wolfssl-5.8.2/../ -fno-math-errno -mlongcalls -nostdlib -nodefaultlibs -nostartfiles -no-pie     conftest.c  >&5
/Users/q/.rustup/toolchains/esp/xtensa-esp-elf/esp-14.2.0_20240906/xtensa-esp-elf/bin/../lib/gcc/xtensa-esp-elf/14.2.0/../../../../xtensa-esp-elf/bin/ld: warning: cannot find entry symbol _start; defaulting to 00400054
/Users/q/.rustup/toolchains/esp/xtensa-esp-elf/esp-14.2.0_20240906/xtensa-esp-elf/bin/../lib/gcc/xtensa-esp-elf/14.2.0/../../../../xtensa-esp-elf/bin/ld: /private/var/folders/m6/kvl6yr995fg1dq1xhqbnldgr0000gq/T//ccCZAAbB.o:(.literal+0x0): undefined reference to `gmtime_s'
/Users/q/.rustup/toolchains/esp/xtensa-esp-elf/esp-14.2.0_20240906/xtensa-esp-elf/bin/../lib/gcc/xtensa-esp-elf/14.2.0/../../../../xtensa-esp-elf/bin/ld: /private/var/folders/m6/kvl6yr995fg1dq1xhqbnldgr0000gq/T//ccCZAAbB.o: in function `main':
conftest.c:(.text+0x6): undefined reference to `gmtime_s'
collect2: error: ld returned 1 exit status
configure:16047: $? = 1
configure: failed program was:
| /* confdefs.h */
| #define PACKAGE_NAME "wolfssl"
| #define PACKAGE_TARNAME "wolfssl"
| #define PACKAGE_VERSION "5.8.2"
| #define PACKAGE_STRING "wolfssl 5.8.2"
| #define PACKAGE_BUGREPORT "https://github.com/wolfssl/wolfssl/issues"
| #define PACKAGE_URL "https://www.wolfssl.com"
| #define HAVE_STDIO_H 1
| #define HAVE_STDLIB_H 1
| #define HAVE_STRING_H 1
| #define HAVE_INTTYPES_H 1
| #define HAVE_STDINT_H 1
| #define HAVE_STRINGS_H 1
| #define HAVE_SYS_STAT_H 1
| #define HAVE_SYS_TYPES_H 1
| #define HAVE_UNISTD_H 1
| #define STDC_HEADERS 1
| #define LT_OBJDIR ".libs/"
| #define HAVE_VISIBILITY 1
| #define SIZEOF_LONG_LONG 8
| #define SIZEOF_LONG 4
| #define SIZEOF_TIME_T 8
| #define HAVE_FCNTL_H 1
| #define HAVE_LIMITS_H 1
| #define HAVE_STDDEF_H 1
| #define HAVE_TIME_H 1
| #define HAVE_SYS_TIME_H 1
| #define HAVE_ERRNO_H 1
| #define HAVE_CTYPE_H 1
| /* end confdefs.h.  */
| /* Define gmtime_s to an innocuous variant, in case <limits.h> declares gmtime_s.
|    For example, HP-UX 11i <limits.h> declares gettimeofday.  */
| #define gmtime_s innocuous_gmtime_s
| 
| /* System header to define __stub macros and hopefully few prototypes,
|    which can conflict with char gmtime_s (void); below.  */
| 
| #include <limits.h>
| #undef gmtime_s
| 
| /* Override any GCC internal prototype to avoid an error.
|    Use char because int might match the return type of a GCC
|    builtin and then its argument prototype would still apply.  */
| #ifdef __cplusplus
| extern "C"
| #endif
| char gmtime_s (void);
| /* The GNU C library defines this for functions which it implements
|     to always fail with ENOSYS.  Some functions are actually named
|     something starting with __ and the normal name is an alias.  */
| #if defined __stub_gmtime_s || defined __stub___gmtime_s
| choke me
| #endif
| 
| int
| main (void)
| {
| return gmtime_s ();
|   ;
|   return 0;
| }
configure:16047: result: no
configure:16053: checking for inet_ntoa
configure:16053: /Users/q/.rustup/toolchains/esp/xtensa-esp-elf/esp-14.2.0_20240906/xtensa-esp-elf/bin/xtensa-esp32-elf-gcc -o conftest -DWOLFSSL_USER_SETTINGS -I/Users/q/Documents/2log-dot-vas/wolfssl-5.8.2/../ -fno-math-errno -mlongcalls -nostdlib -nodefaultlibs -nostartfiles -no-pie     conftest.c  >&5
/Users/q/.rustup/toolchains/esp/xtensa-esp-elf/esp-14.2.0_20240906/xtensa-esp-elf/bin/../lib/gcc/xtensa-esp-elf/14.2.0/../../../../xtensa-esp-elf/bin/ld: warning: cannot find entry symbol _start; defaulting to 00400054
/Users/q/.rustup/toolchains/esp/xtensa-esp-elf/esp-14.2.0_20240906/xtensa-esp-elf/bin/../lib/gcc/xtensa-esp-elf/14.2.0/../../../../xtensa-esp-elf/bin/ld: /private/var/folders/m6/kvl6yr995fg1dq1xhqbnldgr0000gq/T//ccP02Mnm.o:(.literal+0x0): undefined reference to `inet_ntoa'
/Users/q/.rustup/toolchains/esp/xtensa-esp-elf/esp-14.2.0_20240906/xtensa-esp-elf/bin/../lib/gcc/xtensa-esp-elf/14.2.0/../../../../xtensa-esp-elf/bin/ld: /private/var/folders/m6/kvl6yr995fg1dq1xhqbnldgr0000gq/T//ccP02Mnm.o: in function `main':
conftest.c:(.text+0x6): undefined reference to `inet_ntoa'
collect2: error: ld returned 1 exit status
configure:16053: $? = 1
configure: failed program was:
| /* confdefs.h */
| #define PACKAGE_NAME "wolfssl"
| #define PACKAGE_TARNAME "wolfssl"
| #define PACKAGE_VERSION "5.8.2"
| #define PACKAGE_STRING "wolfssl 5.8.2"
| #define PACKAGE_BUGREPORT "https://github.com/wolfssl/wolfssl/issues"
| #define PACKAGE_URL "https://www.wolfssl.com"
| #define HAVE_STDIO_H 1
| #define HAVE_STDLIB_H 1
| #define HAVE_STRING_H 1
| #define HAVE_INTTYPES_H 1
| #define HAVE_STDINT_H 1
| #define HAVE_STRINGS_H 1
| #define HAVE_SYS_STAT_H 1
| #define HAVE_SYS_TYPES_H 1
| #define HAVE_UNISTD_H 1
| #define STDC_HEADERS 1
| #define LT_OBJDIR ".libs/"
| #define HAVE_VISIBILITY 1
| #define SIZEOF_LONG_LONG 8
| #define SIZEOF_LONG 4
| #define SIZEOF_TIME_T 8
| #define HAVE_FCNTL_H 1
| #define HAVE_LIMITS_H 1
| #define HAVE_STDDEF_H 1
| #define HAVE_TIME_H 1
| #define HAVE_SYS_TIME_H 1
| #define HAVE_ERRNO_H 1
| #define HAVE_CTYPE_H 1
| /* end confdefs.h.  */
| /* Define inet_ntoa to an innocuous variant, in case <limits.h> declares inet_ntoa.
|    For example, HP-UX 11i <limits.h> declares gettimeofday.  */
| #define inet_ntoa innocuous_inet_ntoa
| 
| /* System header to define __stub macros and hopefully few prototypes,
|    which can conflict with char inet_ntoa (void); below.  */
| 
| #include <limits.h>
| #undef inet_ntoa
| 
| /* Override any GCC internal prototype to avoid an error.
|    Use char because int might match the return type of a GCC
|    builtin and then its argument prototype would still apply.  */
| #ifdef __cplusplus
| extern "C"
| #endif
| char inet_ntoa (void);
| /* The GNU C library defines this for functions which it implements
|     to always fail with ENOSYS.  Some functions are actually named
|     something starting with __ and the normal name is an alias.  */
| #if defined __stub_inet_ntoa || defined __stub___inet_ntoa
| choke me
| #endif
| 
| int
| main (void)
| {
| return inet_ntoa ();
|   ;
|   return 0;
| }
configure:16053: result: no
configure:16059: checking for memset
configure:16059: /Users/q/.rustup/toolchains/esp/xtensa-esp-elf/esp-14.2.0_20240906/xtensa-esp-elf/bin/xtensa-esp32-elf-gcc -o conftest -DWOLFSSL_USER_SETTINGS -I/Users/q/Documents/2log-dot-vas/wolfssl-5.8.2/../ -fno-math-errno -mlongcalls -nostdlib -nodefaultlibs -nostartfiles -no-pie     conftest.c  >&5
conftest.c:47:6: warning: conflicting types for built-in function 'memset'; expected 'void *(void *, int,  unsigned int)' [-Wbuiltin-declaration-mismatch]
   47 | char memset (void);
      |      ^~~~~~
conftest.c:39:1: note: 'memset' is declared in header '<string.h>'
   38 | #include <limits.h>
   39 | #undef memset
/Users/q/.rustup/toolchains/esp/xtensa-esp-elf/esp-14.2.0_20240906/xtensa-esp-elf/bin/../lib/gcc/xtensa-esp-elf/14.2.0/../../../../xtensa-esp-elf/bin/ld: warning: cannot find entry symbol _start; defaulting to 00400054
/Users/q/.rustup/toolchains/esp/xtensa-esp-elf/esp-14.2.0_20240906/xtensa-esp-elf/bin/../lib/gcc/xtensa-esp-elf/14.2.0/../../../../xtensa-esp-elf/bin/ld: /private/var/folders/m6/kvl6yr995fg1dq1xhqbnldgr0000gq/T//ccITNpmp.o:(.literal+0x0): undefined reference to `memset'
/Users/q/.rustup/toolchains/esp/xtensa-esp-elf/esp-14.2.0_20240906/xtensa-esp-elf/bin/../lib/gcc/xtensa-esp-elf/14.2.0/../../../../xtensa-esp-elf/bin/ld: /private/var/folders/m6/kvl6yr995fg1dq1xhqbnldgr0000gq/T//ccITNpmp.o: in function `main':
conftest.c:(.text+0x6): undefined reference to `memset'
collect2: error: ld returned 1 exit status
configure:16059: $? = 1
configure: failed program was:
| /* confdefs.h */
| #define PACKAGE_NAME "wolfssl"
| #define PACKAGE_TARNAME "wolfssl"
| #define PACKAGE_VERSION "5.8.2"
| #define PACKAGE_STRING "wolfssl 5.8.2"
| #define PACKAGE_BUGREPORT "https://github.com/wolfssl/wolfssl/issues"
| #define PACKAGE_URL "https://www.wolfssl.com"
| #define HAVE_STDIO_H 1
| #define HAVE_STDLIB_H 1
| #define HAVE_STRING_H 1
| #define HAVE_INTTYPES_H 1
| #define HAVE_STDINT_H 1
| #define HAVE_STRINGS_H 1
| #define HAVE_SYS_STAT_H 1
| #define HAVE_SYS_TYPES_H 1
| #define HAVE_UNISTD_H 1
| #define STDC_HEADERS 1
| #define LT_OBJDIR ".libs/"
| #define HAVE_VISIBILITY 1
| #define SIZEOF_LONG_LONG 8
| #define SIZEOF_LONG 4
| #define SIZEOF_TIME_T 8
| #define HAVE_FCNTL_H 1
| #define HAVE_LIMITS_H 1
| #define HAVE_STDDEF_H 1
| #define HAVE_TIME_H 1
| #define HAVE_SYS_TIME_H 1
| #define HAVE_ERRNO_H 1
| #define HAVE_CTYPE_H 1
| /* end confdefs.h.  */
| /* Define memset to an innocuous variant, in case <limits.h> declares memset.
|    For example, HP-UX 11i <limits.h> declares gettimeofday.  */
| #define memset innocuous_memset
| 
| /* System header to define __stub macros and hopefully few prototypes,
|    which can conflict with char memset (void); below.  */
| 
| #include <limits.h>
| #undef memset
| 
| /* Override any GCC internal prototype to avoid an error.
|    Use char because int might match the return type of a GCC
|    builtin and then its argument prototype would still apply.  */
| #ifdef __cplusplus
| extern "C"
| #endif
| char memset (void);
| /* The GNU C library defines this for functions which it implements
|     to always fail with ENOSYS.  Some functions are actually named
|     something starting with __ and the normal name is an alias.  */
| #if defined __stub_memset || defined __stub___memset
| choke me
| #endif
| 
| int
| main (void)
| {
| return memset ();
|   ;
|   return 0;
| }
configure:16059: result: no
configure:16065: checking for socket
configure:16065: /Users/q/.rustup/toolchains/esp/xtensa-esp-elf/esp-14.2.0_20240906/xtensa-esp-elf/bin/xtensa-esp32-elf-gcc -o conftest -DWOLFSSL_USER_SETTINGS -I/Users/q/Documents/2log-dot-vas/wolfssl-5.8.2/../ -fno-math-errno -mlongcalls -nostdlib -nodefaultlibs -nostartfiles -no-pie     conftest.c  >&5
/Users/q/.rustup/toolchains/esp/xtensa-esp-elf/esp-14.2.0_20240906/xtensa-esp-elf/bin/../lib/gcc/xtensa-esp-elf/14.2.0/../../../../xtensa-esp-elf/bin/ld: warning: cannot find entry symbol _start; defaulting to 00400054
/Users/q/.rustup/toolchains/esp/xtensa-esp-elf/esp-14.2.0_20240906/xtensa-esp-elf/bin/../lib/gcc/xtensa-esp-elf/14.2.0/../../../../xtensa-esp-elf/bin/ld: /private/var/folders/m6/kvl6yr995fg1dq1xhqbnldgr0000gq/T//ccZlDJYM.o:(.literal+0x0): undefined reference to `socket'
/Users/q/.rustup/toolchains/esp/xtensa-esp-elf/esp-14.2.0_20240906/xtensa-esp-elf/bin/../lib/gcc/xtensa-esp-elf/14.2.0/../../../../xtensa-esp-elf/bin/ld: /private/var/folders/m6/kvl6yr995fg1dq1xhqbnldgr0000gq/T//ccZlDJYM.o: in function `main':
conftest.c:(.text+0x6): undefined reference to `socket'
collect2: error: ld returned 1 exit status
configure:16065: $? = 1
configure: failed program was:
| /* confdefs.h */
| #define PACKAGE_NAME "wolfssl"
| #define PACKAGE_TARNAME "wolfssl"
| #define PACKAGE_VERSION "5.8.2"
| #define PACKAGE_STRING "wolfssl 5.8.2"
| #define PACKAGE_BUGREPORT "https://github.com/wolfssl/wolfssl/issues"
| #define PACKAGE_URL "https://www.wolfssl.com"
| #define HAVE_STDIO_H 1
| #define HAVE_STDLIB_H 1
| #define HAVE_STRING_H 1
| #define HAVE_INTTYPES_H 1
| #define HAVE_STDINT_H 1
| #define HAVE_STRINGS_H 1
| #define HAVE_SYS_STAT_H 1
| #define HAVE_SYS_TYPES_H 1
| #define HAVE_UNISTD_H 1
| #define STDC_HEADERS 1
| #define LT_OBJDIR ".libs/"
| #define HAVE_VISIBILITY 1
| #define SIZEOF_LONG_LONG 8
| #define SIZEOF_LONG 4
| #define SIZEOF_TIME_T 8
| #define HAVE_FCNTL_H 1
| #define HAVE_LIMITS_H 1
| #define HAVE_STDDEF_H 1
| #define HAVE_TIME_H 1
| #define HAVE_SYS_TIME_H 1
| #define HAVE_ERRNO_H 1
| #define HAVE_CTYPE_H 1
| /* end confdefs.h.  */
| /* Define socket to an innocuous variant, in case <limits.h> declares socket.
|    For example, HP-UX 11i <limits.h> declares gettimeofday.  */
| #define socket innocuous_socket
| 
| /* System header to define __stub macros and hopefully few prototypes,
|    which can conflict with char socket (void); below.  */
| 
| #include <limits.h>
| #undef socket
| 
| /* Override any GCC internal prototype to avoid an error.
|    Use char because int might match the return type of a GCC
|    builtin and then its argument prototype would still apply.  */
| #ifdef __cplusplus
| extern "C"
| #endif
| char socket (void);
| /* The GNU C library defines this for functions which it implements
|     to always fail with ENOSYS.  Some functions are actually named
|     something starting with __ and the normal name is an alias.  */
| #if defined __stub_socket || defined __stub___socket
| choke me
| #endif
| 
| int
| main (void)
| {
| return socket ();
|   ;
|   return 0;
| }
configure:16065: result: no
configure:16071: checking for strftime
configure:16071: /Users/q/.rustup/toolchains/esp/xtensa-esp-elf/esp-14.2.0_20240906/xtensa-esp-elf/bin/xtensa-esp32-elf-gcc -o conftest -DWOLFSSL_USER_SETTINGS -I/Users/q/Documents/2log-dot-vas/wolfssl-5.8.2/../ -fno-math-errno -mlongcalls -nostdlib -nodefaultlibs -nostartfiles -no-pie     conftest.c  >&5
conftest.c:47:6: warning: conflicting types for built-in function 'strftime'; expected 'unsigned int(char *, unsigned int,  const char *, const void *)' [-Wbuiltin-declaration-mismatch]
   47 | char strftime (void);
      |      ^~~~~~~~
conftest.c:39:1: note: 'strftime' is declared in header '<time.h>'
   38 | #include <limits.h>
   39 | #undef strftime
/Users/q/.rustup/toolchains/esp/xtensa-esp-elf/esp-14.2.0_20240906/xtensa-esp-elf/bin/../lib/gcc/xtensa-esp-elf/14.2.0/../../../../xtensa-esp-elf/bin/ld: warning: cannot find entry symbol _start; defaulting to 00400054
/Users/q/.rustup/toolchains/esp/xtensa-esp-elf/esp-14.2.0_20240906/xtensa-esp-elf/bin/../lib/gcc/xtensa-esp-elf/14.2.0/../../../../xtensa-esp-elf/bin/ld: /private/var/folders/m6/kvl6yr995fg1dq1xhqbnldgr0000gq/T//cc6d2VqI.o:(.literal+0x0): undefined reference to `strftime'
/Users/q/.rustup/toolchains/esp/xtensa-esp-elf/esp-14.2.0_20240906/xtensa-esp-elf/bin/../lib/gcc/xtensa-esp-elf/14.2.0/../../../../xtensa-esp-elf/bin/ld: /private/var/folders/m6/kvl6yr995fg1dq1xhqbnldgr0000gq/T//cc6d2VqI.o: in function `main':
conftest.c:(.text+0x6): undefined reference to `strftime'
collect2: error: ld returned 1 exit status
configure:16071: $? = 1
configure: failed program was:
| /* confdefs.h */
| #define PACKAGE_NAME "wolfssl"
| #define PACKAGE_TARNAME "wolfssl"
| #define PACKAGE_VERSION "5.8.2"
| #define PACKAGE_STRING "wolfssl 5.8.2"
| #define PACKAGE_BUGREPORT "https://github.com/wolfssl/wolfssl/issues"
| #define PACKAGE_URL "https://www.wolfssl.com"
| #define HAVE_STDIO_H 1
| #define HAVE_STDLIB_H 1
| #define HAVE_STRING_H 1
| #define HAVE_INTTYPES_H 1
| #define HAVE_STDINT_H 1
| #define HAVE_STRINGS_H 1
| #define HAVE_SYS_STAT_H 1
| #define HAVE_SYS_TYPES_H 1
| #define HAVE_UNISTD_H 1
| #define STDC_HEADERS 1
| #define LT_OBJDIR ".libs/"
| #define HAVE_VISIBILITY 1
| #define SIZEOF_LONG_LONG 8
| #define SIZEOF_LONG 4
| #define SIZEOF_TIME_T 8
| #define HAVE_FCNTL_H 1
| #define HAVE_LIMITS_H 1
| #define HAVE_STDDEF_H 1
| #define HAVE_TIME_H 1
| #define HAVE_SYS_TIME_H 1
| #define HAVE_ERRNO_H 1
| #define HAVE_CTYPE_H 1
| /* end confdefs.h.  */
| /* Define strftime to an innocuous variant, in case <limits.h> declares strftime.
|    For example, HP-UX 11i <limits.h> declares gettimeofday.  */
| #define strftime innocuous_strftime
| 
| /* System header to define __stub macros and hopefully few prototypes,
|    which can conflict with char strftime (void); below.  */
| 
| #include <limits.h>
| #undef strftime
| 
| /* Override any GCC internal prototype to avoid an error.
|    Use char because int might match the return type of a GCC
|    builtin and then its argument prototype would still apply.  */
| #ifdef __cplusplus
| extern "C"
| #endif
| char strftime (void);
| /* The GNU C library defines this for functions which it implements
|     to always fail with ENOSYS.  Some functions are actually named
|     something starting with __ and the normal name is an alias.  */
| #if defined __stub_strftime || defined __stub___strftime
| choke me
| #endif
| 
| int
| main (void)
| {
| return strftime ();
|   ;
|   return 0;
| }
configure:16071: result: no
configure:16077: checking for atexit
configure:16077: /Users/q/.rustup/toolchains/esp/xtensa-esp-elf/esp-14.2.0_20240906/xtensa-esp-elf/bin/xtensa-esp32-elf-gcc -o conftest -DWOLFSSL_USER_SETTINGS -I/Users/q/Documents/2log-dot-vas/wolfssl-5.8.2/../ -fno-math-errno -mlongcalls -nostdlib -nodefaultlibs -nostartfiles -no-pie     conftest.c  >&5
/Users/q/.rustup/toolchains/esp/xtensa-esp-elf/esp-14.2.0_20240906/xtensa-esp-elf/bin/../lib/gcc/xtensa-esp-elf/14.2.0/../../../../xtensa-esp-elf/bin/ld: warning: cannot find entry symbol _start; defaulting to 00400054
/Users/q/.rustup/toolchains/esp/xtensa-esp-elf/esp-14.2.0_20240906/xtensa-esp-elf/bin/../lib/gcc/xtensa-esp-elf/14.2.0/../../../../xtensa-esp-elf/bin/ld: /private/var/folders/m6/kvl6yr995fg1dq1xhqbnldgr0000gq/T//cchFfaCD.o:(.literal+0x0): undefined reference to `atexit'
/Users/q/.rustup/toolchains/esp/xtensa-esp-elf/esp-14.2.0_20240906/xtensa-esp-elf/bin/../lib/gcc/xtensa-esp-elf/14.2.0/../../../../xtensa-esp-elf/bin/ld: /private/var/folders/m6/kvl6yr995fg1dq1xhqbnldgr0000gq/T//cchFfaCD.o: in function `main':
conftest.c:(.text+0x6): undefined reference to `atexit'
collect2: error: ld returned 1 exit status
configure:16077: $? = 1
configure: failed program was:
| /* confdefs.h */
| #define PACKAGE_NAME "wolfssl"
| #define PACKAGE_TARNAME "wolfssl"
| #define PACKAGE_VERSION "5.8.2"
| #define PACKAGE_STRING "wolfssl 5.8.2"
| #define PACKAGE_BUGREPORT "https://github.com/wolfssl/wolfssl/issues"
| #define PACKAGE_URL "https://www.wolfssl.com"
| #define HAVE_STDIO_H 1
| #define HAVE_STDLIB_H 1
| #define HAVE_STRING_H 1
| #define HAVE_INTTYPES_H 1
| #define HAVE_STDINT_H 1
| #define HAVE_STRINGS_H 1
| #define HAVE_SYS_STAT_H 1
| #define HAVE_SYS_TYPES_H 1
| #define HAVE_UNISTD_H 1
| #define STDC_HEADERS 1
| #define LT_OBJDIR ".libs/"
| #define HAVE_VISIBILITY 1
| #define SIZEOF_LONG_LONG 8
| #define SIZEOF_LONG 4
| #define SIZEOF_TIME_T 8
| #define HAVE_FCNTL_H 1
| #define HAVE_LIMITS_H 1
| #define HAVE_STDDEF_H 1
| #define HAVE_TIME_H 1
| #define HAVE_SYS_TIME_H 1
| #define HAVE_ERRNO_H 1
| #define HAVE_CTYPE_H 1
| /* end confdefs.h.  */
| /* Define atexit to an innocuous variant, in case <limits.h> declares atexit.
|    For example, HP-UX 11i <limits.h> declares gettimeofday.  */
| #define atexit innocuous_atexit
| 
| /* System header to define __stub macros and hopefully few prototypes,
|    which can conflict with char atexit (void); below.  */
| 
| #include <limits.h>
| #undef atexit
| 
| /* Override any GCC internal prototype to avoid an error.
|    Use char because int might match the return type of a GCC
|    builtin and then its argument prototype would still apply.  */
| #ifdef __cplusplus
| extern "C"
| #endif
| char atexit (void);
| /* The GNU C library defines this for functions which it implements
|     to always fail with ENOSYS.  Some functions are actually named
|     something starting with __ and the normal name is an alias.  */
| #if defined __stub_atexit || defined __stub___atexit
| choke me
| #endif
| 
| int
| main (void)
| {
| return atexit ();
|   ;
|   return 0;
| }
configure:16077: result: no
configure:16083: checking for isascii
configure:16083: /Users/q/.rustup/toolchains/esp/xtensa-esp-elf/esp-14.2.0_20240906/xtensa-esp-elf/bin/xtensa-esp32-elf-gcc -o conftest -DWOLFSSL_USER_SETTINGS -I/Users/q/Documents/2log-dot-vas/wolfssl-5.8.2/../ -fno-math-errno -mlongcalls -nostdlib -nodefaultlibs -nostartfiles -no-pie     conftest.c  >&5
conftest.c:47:6: warning: conflicting types for built-in function 'isascii'; expected 'int(int)' [-Wbuiltin-declaration-mismatch]
   47 | char isascii (void);
      |      ^~~~~~~
/Users/q/.rustup/toolchains/esp/xtensa-esp-elf/esp-14.2.0_20240906/xtensa-esp-elf/bin/../lib/gcc/xtensa-esp-elf/14.2.0/../../../../xtensa-esp-elf/bin/ld: warning: cannot find entry symbol _start; defaulting to 00400054
/Users/q/.rustup/toolchains/esp/xtensa-esp-elf/esp-14.2.0_20240906/xtensa-esp-elf/bin/../lib/gcc/xtensa-esp-elf/14.2.0/../../../../xtensa-esp-elf/bin/ld: /private/var/folders/m6/kvl6yr995fg1dq1xhqbnldgr0000gq/T//cczhEa7s.o:(.literal+0x0): undefined reference to `isascii'
/Users/q/.rustup/toolchains/esp/xtensa-esp-elf/esp-14.2.0_20240906/xtensa-esp-elf/bin/../lib/gcc/xtensa-esp-elf/14.2.0/../../../../xtensa-esp-elf/bin/ld: /private/var/folders/m6/kvl6yr995fg1dq1xhqbnldgr0000gq/T//cczhEa7s.o: in function `main':
conftest.c:(.text+0x6): undefined reference to `isascii'
collect2: error: ld returned 1 exit status
configure:16083: $? = 1
configure: failed program was:
| /* confdefs.h */
| #define PACKAGE_NAME "wolfssl"
| #define PACKAGE_TARNAME "wolfssl"
| #define PACKAGE_VERSION "5.8.2"
| #define PACKAGE_STRING "wolfssl 5.8.2"
| #define PACKAGE_BUGREPORT "https://github.com/wolfssl/wolfssl/issues"
| #define PACKAGE_URL "https://www.wolfssl.com"
| #define HAVE_STDIO_H 1
| #define HAVE_STDLIB_H 1
| #define HAVE_STRING_H 1
| #define HAVE_INTTYPES_H 1
| #define HAVE_STDINT_H 1
| #define HAVE_STRINGS_H 1
| #define HAVE_SYS_STAT_H 1
| #define HAVE_SYS_TYPES_H 1
| #define HAVE_UNISTD_H 1
| #define STDC_HEADERS 1
| #define LT_OBJDIR ".libs/"
| #define HAVE_VISIBILITY 1
| #define SIZEOF_LONG_LONG 8
| #define SIZEOF_LONG 4
| #define SIZEOF_TIME_T 8
| #define HAVE_FCNTL_H 1
| #define HAVE_LIMITS_H 1
| #define HAVE_STDDEF_H 1
| #define HAVE_TIME_H 1
| #define HAVE_SYS_TIME_H 1
| #define HAVE_ERRNO_H 1
| #define HAVE_CTYPE_H 1
| /* end confdefs.h.  */
| /* Define isascii to an innocuous variant, in case <limits.h> declares isascii.
|    For example, HP-UX 11i <limits.h> declares gettimeofday.  */
| #define isascii innocuous_isascii
| 
| /* System header to define __stub macros and hopefully few prototypes,
|    which can conflict with char isascii (void); below.  */
| 
| #include <limits.h>
| #undef isascii
| 
| /* Override any GCC internal prototype to avoid an error.
|    Use char because int might match the return type of a GCC
|    builtin and then its argument prototype would still apply.  */
| #ifdef __cplusplus
| extern "C"
| #endif
| char isascii (void);
| /* The GNU C library defines this for functions which it implements
|     to always fail with ENOSYS.  Some functions are actually named
|     something starting with __ and the normal name is an alias.  */
| #if defined __stub_isascii || defined __stub___isascii
| choke me
| #endif
| 
| int
| main (void)
| {
| return isascii ();
|   ;
|   return 0;
| }
configure:16083: result: no
configure:16089: checking for getpid
configure:16089: /Users/q/.rustup/toolchains/esp/xtensa-esp-elf/esp-14.2.0_20240906/xtensa-esp-elf/bin/xtensa-esp32-elf-gcc -o conftest -DWOLFSSL_USER_SETTINGS -I/Users/q/Documents/2log-dot-vas/wolfssl-5.8.2/../ -fno-math-errno -mlongcalls -nostdlib -nodefaultlibs -nostartfiles -no-pie     conftest.c  >&5
/Users/q/.rustup/toolchains/esp/xtensa-esp-elf/esp-14.2.0_20240906/xtensa-esp-elf/bin/../lib/gcc/xtensa-esp-elf/14.2.0/../../../../xtensa-esp-elf/bin/ld: warning: cannot find entry symbol _start; defaulting to 00400054
/Users/q/.rustup/toolchains/esp/xtensa-esp-elf/esp-14.2.0_20240906/xtensa-esp-elf/bin/../lib/gcc/xtensa-esp-elf/14.2.0/../../../../xtensa-esp-elf/bin/ld: /private/var/folders/m6/kvl6yr995fg1dq1xhqbnldgr0000gq/T//cc85QDJ8.o:(.literal+0x0): undefined reference to `getpid'
/Users/q/.rustup/toolchains/esp/xtensa-esp-elf/esp-14.2.0_20240906/xtensa-esp-elf/bin/../lib/gcc/xtensa-esp-elf/14.2.0/../../../../xtensa-esp-elf/bin/ld: /private/var/folders/m6/kvl6yr995fg1dq1xhqbnldgr0000gq/T//cc85QDJ8.o: in function `main':
conftest.c:(.text+0x6): undefined reference to `getpid'
collect2: error: ld returned 1 exit status
configure:16089: $? = 1
configure: failed program was:
| /* confdefs.h */
| #define PACKAGE_NAME "wolfssl"
| #define PACKAGE_TARNAME "wolfssl"
| #define PACKAGE_VERSION "5.8.2"
| #define PACKAGE_STRING "wolfssl 5.8.2"
| #define PACKAGE_BUGREPORT "https://github.com/wolfssl/wolfssl/issues"
| #define PACKAGE_URL "https://www.wolfssl.com"
| #define HAVE_STDIO_H 1
| #define HAVE_STDLIB_H 1
| #define HAVE_STRING_H 1
| #define HAVE_INTTYPES_H 1
| #define HAVE_STDINT_H 1
| #define HAVE_STRINGS_H 1
| #define HAVE_SYS_STAT_H 1
| #define HAVE_SYS_TYPES_H 1
| #define HAVE_UNISTD_H 1
| #define STDC_HEADERS 1
| #define LT_OBJDIR ".libs/"
| #define HAVE_VISIBILITY 1
| #define SIZEOF_LONG_LONG 8
| #define SIZEOF_LONG 4
| #define SIZEOF_TIME_T 8
| #define HAVE_FCNTL_H 1
| #define HAVE_LIMITS_H 1
| #define HAVE_STDDEF_H 1
| #define HAVE_TIME_H 1
| #define HAVE_SYS_TIME_H 1
| #define HAVE_ERRNO_H 1
| #define HAVE_CTYPE_H 1
| /* end confdefs.h.  */
| /* Define getpid to an innocuous variant, in case <limits.h> declares getpid.
|    For example, HP-UX 11i <limits.h> declares gettimeofday.  */
| #define getpid innocuous_getpid
| 
| /* System header to define __stub macros and hopefully few prototypes,
|    which can conflict with char getpid (void); below.  */
| 
| #include <limits.h>
| #undef getpid
| 
| /* Override any GCC internal prototype to avoid an error.
|    Use char because int might match the return type of a GCC
|    builtin and then its argument prototype would still apply.  */
| #ifdef __cplusplus
| extern "C"
| #endif
| char getpid (void);
| /* The GNU C library defines this for functions which it implements
|     to always fail with ENOSYS.  Some functions are actually named
|     something starting with __ and the normal name is an alias.  */
| #if defined __stub_getpid || defined __stub___getpid
| choke me
| #endif
| 
| int
| main (void)
| {
| return getpid ();
|   ;
|   return 0;
| }
configure:16089: result: no
configure:16095: checking for getrandom
configure:16095: /Users/q/.rustup/toolchains/esp/xtensa-esp-elf/esp-14.2.0_20240906/xtensa-esp-elf/bin/xtensa-esp32-elf-gcc -o conftest -DWOLFSSL_USER_SETTINGS -I/Users/q/Documents/2log-dot-vas/wolfssl-5.8.2/../ -fno-math-errno -mlongcalls -nostdlib -nodefaultlibs -nostartfiles -no-pie     conftest.c  >&5
/Users/q/.rustup/toolchains/esp/xtensa-esp-elf/esp-14.2.0_20240906/xtensa-esp-elf/bin/../lib/gcc/xtensa-esp-elf/14.2.0/../../../../xtensa-esp-elf/bin/ld: warning: cannot find entry symbol _start; defaulting to 00400054
/Users/q/.rustup/toolchains/esp/xtensa-esp-elf/esp-14.2.0_20240906/xtensa-esp-elf/bin/../lib/gcc/xtensa-esp-elf/14.2.0/../../../../xtensa-esp-elf/bin/ld: /private/var/folders/m6/kvl6yr995fg1dq1xhqbnldgr0000gq/T//ccEnx8jW.o:(.literal+0x0): undefined reference to `getrandom'
/Users/q/.rustup/toolchains/esp/xtensa-esp-elf/esp-14.2.0_20240906/xtensa-esp-elf/bin/../lib/gcc/xtensa-esp-elf/14.2.0/../../../../xtensa-esp-elf/bin/ld: /private/var/folders/m6/kvl6yr995fg1dq1xhqbnldgr0000gq/T//ccEnx8jW.o: in function `main':
conftest.c:(.text+0x6): undefined reference to `getrandom'
collect2: error: ld returned 1 exit status
configure:16095: $? = 1
configure: failed program was:
| /* confdefs.h */
| #define PACKAGE_NAME "wolfssl"
| #define PACKAGE_TARNAME "wolfssl"
| #define PACKAGE_VERSION "5.8.2"
| #define PACKAGE_STRING "wolfssl 5.8.2"
| #define PACKAGE_BUGREPORT "https://github.com/wolfssl/wolfssl/issues"
| #define PACKAGE_URL "https://www.wolfssl.com"
| #define HAVE_STDIO_H 1
| #define HAVE_STDLIB_H 1
| #define HAVE_STRING_H 1
| #define HAVE_INTTYPES_H 1
| #define HAVE_STDINT_H 1
| #define HAVE_STRINGS_H 1
| #define HAVE_SYS_STAT_H 1
| #define HAVE_SYS_TYPES_H 1
| #define HAVE_UNISTD_H 1
| #define STDC_HEADERS 1
| #define LT_OBJDIR ".libs/"
| #define HAVE_VISIBILITY 1
| #define SIZEOF_LONG_LONG 8
| #define SIZEOF_LONG 4
| #define SIZEOF_TIME_T 8
| #define HAVE_FCNTL_H 1
| #define HAVE_LIMITS_H 1
| #define HAVE_STDDEF_H 1
| #define HAVE_TIME_H 1
| #define HAVE_SYS_TIME_H 1
| #define HAVE_ERRNO_H 1
| #define HAVE_CTYPE_H 1
| /* end confdefs.h.  */
| /* Define getrandom to an innocuous variant, in case <limits.h> declares getrandom.
|    For example, HP-UX 11i <limits.h> declares gettimeofday.  */
| #define getrandom innocuous_getrandom
| 
| /* System header to define __stub macros and hopefully few prototypes,
|    which can conflict with char getrandom (void); below.  */
| 
| #include <limits.h>
| #undef getrandom
| 
| /* Override any GCC internal prototype to avoid an error.
|    Use char because int might match the return type of a GCC
|    builtin and then its argument prototype would still apply.  */
| #ifdef __cplusplus
| extern "C"
| #endif
| char getrandom (void);
| /* The GNU C library defines this for functions which it implements
|     to always fail with ENOSYS.  Some functions are actually named
|     something starting with __ and the normal name is an alias.  */
| #if defined __stub_getrandom || defined __stub___getrandom
| choke me
| #endif
| 
| int
| main (void)
| {
| return getrandom ();
|   ;
|   return 0;
| }
configure:16095: result: no
configure:16102: checking for /Users/q/.rustup/toolchains/esp/xtensa-esp-elf/esp-14.2.0_20240906/xtensa-esp-elf/bin/xtensa-esp32-elf-gcc options needed to detect all undeclared functions
configure:16124: /Users/q/.rustup/toolchains/esp/xtensa-esp-elf/esp-14.2.0_20240906/xtensa-esp-elf/bin/xtensa-esp32-elf-gcc -c -DWOLFSSL_USER_SETTINGS -I/Users/q/Documents/2log-dot-vas/wolfssl-5.8.2/../ -fno-math-errno -mlongcalls -nostdlib -nodefaultlibs -nostartfiles -no-pie     conftest.c >&5
conftest.c: In function 'main':
conftest.c:35:8: error: 'strchr' undeclared (first use in this function)
   35 | (void) strchr;
      |        ^~~~~~
conftest.c:1:1: note: 'strchr' is defined in header '<string.h>'; this is probably fixable by adding '#include <string.h>'
    1 | /* confdefs.h */
conftest.c:35:8: note: each undeclared identifier is reported only once for each function it appears in
   35 | (void) strchr;
      |        ^~~~~~
configure:16124: $? = 1
configure: failed program was:
| /* confdefs.h */
| #define PACKAGE_NAME "wolfssl"
| #define PACKAGE_TARNAME "wolfssl"
| #define PACKAGE_VERSION "5.8.2"
| #define PACKAGE_STRING "wolfssl 5.8.2"
| #define PACKAGE_BUGREPORT "https://github.com/wolfssl/wolfssl/issues"
| #define PACKAGE_URL "https://www.wolfssl.com"
| #define HAVE_STDIO_H 1
| #define HAVE_STDLIB_H 1
| #define HAVE_STRING_H 1
| #define HAVE_INTTYPES_H 1
| #define HAVE_STDINT_H 1
| #define HAVE_STRINGS_H 1
| #define HAVE_SYS_STAT_H 1
| #define HAVE_SYS_TYPES_H 1
| #define HAVE_UNISTD_H 1
| #define STDC_HEADERS 1
| #define LT_OBJDIR ".libs/"
| #define HAVE_VISIBILITY 1
| #define SIZEOF_LONG_LONG 8
| #define SIZEOF_LONG 4
| #define SIZEOF_TIME_T 8
| #define HAVE_FCNTL_H 1
| #define HAVE_LIMITS_H 1
| #define HAVE_STDDEF_H 1
| #define HAVE_TIME_H 1
| #define HAVE_SYS_TIME_H 1
| #define HAVE_ERRNO_H 1
| #define HAVE_CTYPE_H 1
| /* end confdefs.h.  */
| 
| int
| main (void)
| {
| (void) strchr;
|   ;
|   return 0;
| }
configure:16151: /Users/q/.rustup/toolchains/esp/xtensa-esp-elf/esp-14.2.0_20240906/xtensa-esp-elf/bin/xtensa-esp32-elf-gcc -c -DWOLFSSL_USER_SETTINGS -I/Users/q/Documents/2log-dot-vas/wolfssl-5.8.2/../ -fno-math-errno -mlongcalls -nostdlib -nodefaultlibs -nostartfiles -no-pie     conftest.c >&5
configure:16151: $? = 0
configure:16171: result: none needed
configure:16185: checking whether gethostbyname is declared
configure:16185: /Users/q/.rustup/toolchains/esp/xtensa-esp-elf/esp-14.2.0_20240906/xtensa-esp-elf/bin/xtensa-esp32-elf-gcc -c -DWOLFSSL_USER_SETTINGS -I/Users/q/Documents/2log-dot-vas/wolfssl-5.8.2/../ -fno-math-errno -mlongcalls -nostdlib -nodefaultlibs -nostartfiles -no-pie     conftest.c >&5
conftest.c: In function 'main':
conftest.c:68:10: error: 'gethostbyname' undeclared (first use in this function); did you mean 'gethostname'?
   68 |   (void) gethostbyname;
      |          ^~~~~~~~~~~~~
      |          gethostname
conftest.c:68:10: note: each undeclared identifier is reported only once for each function it appears in
configure:16185: $? = 1
configure: failed program was:
| /* confdefs.h */
| #define PACKAGE_NAME "wolfssl"
| #define PACKAGE_TARNAME "wolfssl"
| #define PACKAGE_VERSION "5.8.2"
| #define PACKAGE_STRING "wolfssl 5.8.2"
| #define PACKAGE_BUGREPORT "https://github.com/wolfssl/wolfssl/issues"
| #define PACKAGE_URL "https://www.wolfssl.com"
| #define HAVE_STDIO_H 1
| #define HAVE_STDLIB_H 1
| #define HAVE_STRING_H 1
| #define HAVE_INTTYPES_H 1
| #define HAVE_STDINT_H 1
| #define HAVE_STRINGS_H 1
| #define HAVE_SYS_STAT_H 1
| #define HAVE_SYS_TYPES_H 1
| #define HAVE_UNISTD_H 1
| #define STDC_HEADERS 1
| #define LT_OBJDIR ".libs/"
| #define HAVE_VISIBILITY 1
| #define SIZEOF_LONG_LONG 8
| #define SIZEOF_LONG 4
| #define SIZEOF_TIME_T 8
| #define HAVE_FCNTL_H 1
| #define HAVE_LIMITS_H 1
| #define HAVE_STDDEF_H 1
| #define HAVE_TIME_H 1
| #define HAVE_SYS_TIME_H 1
| #define HAVE_ERRNO_H 1
| #define HAVE_CTYPE_H 1
| /* end confdefs.h.  */
| 
| #ifdef HAVE_SYS_SOCKET_H
|     #include <sys/socket.h>
| #endif
| #ifdef HAVE_STRING_H
|     #include <string.h>
| #endif
| #ifdef HAVE_NETDB_H
|     #include <netdb.h>
| #endif
| #ifdef HAVE_ARPA_INET_H
|     #include <arpa/inet.h>
| #endif
| #ifdef HAVE_SYS_TIME_H
|     #include <sys/time.h>
| #endif
| #ifdef HAVE_TIME_H
|     #include <time.h>
| #endif
| #ifdef HAVE_STDLIB_H
|     #include <stdlib.h>
| #endif
| #ifdef HAVE_UNISTD_H
|     #include <unistd.h>
| #endif
| #ifdef HAVE_CTYPE_H
|     #include <ctype.h>
| #endif
| 
| 
| int
| main (void)
| {
| #ifndef gethostbyname
| #ifdef __cplusplus
|   (void) gethostbyname;
| #else
|   (void) gethostbyname;
| #endif
| #endif
| 
|   ;
|   return 0;
| }
configure:16185: result: no
configure:16239: checking whether getaddrinfo is declared
configure:16239: /Users/q/.rustup/toolchains/esp/xtensa-esp-elf/esp-14.2.0_20240906/xtensa-esp-elf/bin/xtensa-esp32-elf-gcc -c -DWOLFSSL_USER_SETTINGS -I/Users/q/Documents/2log-dot-vas/wolfssl-5.8.2/../ -fno-math-errno -mlongcalls -nostdlib -nodefaultlibs -nostartfiles -no-pie     conftest.c >&5
conftest.c: In function 'main':
conftest.c:69:10: error: 'getaddrinfo' undeclared (first use in this function)
   69 |   (void) getaddrinfo;
      |          ^~~~~~~~~~~
conftest.c:69:10: note: each undeclared identifier is reported only once for each function it appears in
configure:16239: $? = 1
configure: failed program was:
| /* confdefs.h */
| #define PACKAGE_NAME "wolfssl"
| #define PACKAGE_TARNAME "wolfssl"
| #define PACKAGE_VERSION "5.8.2"
| #define PACKAGE_STRING "wolfssl 5.8.2"
| #define PACKAGE_BUGREPORT "https://github.com/wolfssl/wolfssl/issues"
| #define PACKAGE_URL "https://www.wolfssl.com"
| #define HAVE_STDIO_H 1
| #define HAVE_STDLIB_H 1
| #define HAVE_STRING_H 1
| #define HAVE_INTTYPES_H 1
| #define HAVE_STDINT_H 1
| #define HAVE_STRINGS_H 1
| #define HAVE_SYS_STAT_H 1
| #define HAVE_SYS_TYPES_H 1
| #define HAVE_UNISTD_H 1
| #define STDC_HEADERS 1
| #define LT_OBJDIR ".libs/"
| #define HAVE_VISIBILITY 1
| #define SIZEOF_LONG_LONG 8
| #define SIZEOF_LONG 4
| #define SIZEOF_TIME_T 8
| #define HAVE_FCNTL_H 1
| #define HAVE_LIMITS_H 1
| #define HAVE_STDDEF_H 1
| #define HAVE_TIME_H 1
| #define HAVE_SYS_TIME_H 1
| #define HAVE_ERRNO_H 1
| #define HAVE_CTYPE_H 1
| #define HAVE_DECL_GETHOSTBYNAME 0
| /* end confdefs.h.  */
| 
| #ifdef HAVE_SYS_SOCKET_H
|     #include <sys/socket.h>
| #endif
| #ifdef HAVE_STRING_H
|     #include <string.h>
| #endif
| #ifdef HAVE_NETDB_H
|     #include <netdb.h>
| #endif
| #ifdef HAVE_ARPA_INET_H
|     #include <arpa/inet.h>
| #endif
| #ifdef HAVE_SYS_TIME_H
|     #include <sys/time.h>
| #endif
| #ifdef HAVE_TIME_H
|     #include <time.h>
| #endif
| #ifdef HAVE_STDLIB_H
|     #include <stdlib.h>
| #endif
| #ifdef HAVE_UNISTD_H
|     #include <unistd.h>
| #endif
| #ifdef HAVE_CTYPE_H
|     #include <ctype.h>
| #endif
| 
| 
| int
| main (void)
| {
| #ifndef getaddrinfo
| #ifdef __cplusplus
|   (void) getaddrinfo;
| #else
|   (void) getaddrinfo;
| #endif
| #endif
| 
|   ;
|   return 0;
| }
configure:16239: result: no
configure:16293: checking whether gettimeofday is declared
configure:16293: /Users/q/.rustup/toolchains/esp/xtensa-esp-elf/esp-14.2.0_20240906/xtensa-esp-elf/bin/xtensa-esp32-elf-gcc -c -DWOLFSSL_USER_SETTINGS -I/Users/q/Documents/2log-dot-vas/wolfssl-5.8.2/../ -fno-math-errno -mlongcalls -nostdlib -nodefaultlibs -nostartfiles -no-pie     conftest.c >&5
configure:16293: $? = 0
configure:16293: result: yes
configure:16347: checking whether gmtime_r is declared
configure:16347: /Users/q/.rustup/toolchains/esp/xtensa-esp-elf/esp-14.2.0_20240906/xtensa-esp-elf/bin/xtensa-esp32-elf-gcc -c -DWOLFSSL_USER_SETTINGS -I/Users/q/Documents/2log-dot-vas/wolfssl-5.8.2/../ -fno-math-errno -mlongcalls -nostdlib -nodefaultlibs -nostartfiles -no-pie     conftest.c >&5
configure:16347: $? = 0
configure:16347: result: yes
configure:16401: checking whether gmtime_s is declared
configure:16401: /Users/q/.rustup/toolchains/esp/xtensa-esp-elf/esp-14.2.0_20240906/xtensa-esp-elf/bin/xtensa-esp32-elf-gcc -c -DWOLFSSL_USER_SETTINGS -I/Users/q/Documents/2log-dot-vas/wolfssl-5.8.2/../ -fno-math-errno -mlongcalls -nostdlib -nodefaultlibs -nostartfiles -no-pie     conftest.c >&5
conftest.c: In function 'main':
conftest.c:72:10: error: 'gmtime_s' undeclared (first use in this function); did you mean 'gmtime_r'?
   72 |   (void) gmtime_s;
      |          ^~~~~~~~
      |          gmtime_r
conftest.c:72:10: note: each undeclared identifier is reported only once for each function it appears in
configure:16401: $? = 1
configure: failed program was:
| /* confdefs.h */
| #define PACKAGE_NAME "wolfssl"
| #define PACKAGE_TARNAME "wolfssl"
| #define PACKAGE_VERSION "5.8.2"
| #define PACKAGE_STRING "wolfssl 5.8.2"
| #define PACKAGE_BUGREPORT "https://github.com/wolfssl/wolfssl/issues"
| #define PACKAGE_URL "https://www.wolfssl.com"
| #define HAVE_STDIO_H 1
| #define HAVE_STDLIB_H 1
| #define HAVE_STRING_H 1
| #define HAVE_INTTYPES_H 1
| #define HAVE_STDINT_H 1
| #define HAVE_STRINGS_H 1
| #define HAVE_SYS_STAT_H 1
| #define HAVE_SYS_TYPES_H 1
| #define HAVE_UNISTD_H 1
| #define STDC_HEADERS 1
| #define LT_OBJDIR ".libs/"
| #define HAVE_VISIBILITY 1
| #define SIZEOF_LONG_LONG 8
| #define SIZEOF_LONG 4
| #define SIZEOF_TIME_T 8
| #define HAVE_FCNTL_H 1
| #define HAVE_LIMITS_H 1
| #define HAVE_STDDEF_H 1
| #define HAVE_TIME_H 1
| #define HAVE_SYS_TIME_H 1
| #define HAVE_ERRNO_H 1
| #define HAVE_CTYPE_H 1
| #define HAVE_DECL_GETHOSTBYNAME 0
| #define HAVE_DECL_GETADDRINFO 0
| #define HAVE_DECL_GETTIMEOFDAY 1
| #define HAVE_DECL_GMTIME_R 1
| /* end confdefs.h.  */
| 
| #ifdef HAVE_SYS_SOCKET_H
|     #include <sys/socket.h>
| #endif
| #ifdef HAVE_STRING_H
|     #include <string.h>
| #endif
| #ifdef HAVE_NETDB_H
|     #include <netdb.h>
| #endif
| #ifdef HAVE_ARPA_INET_H
|     #include <arpa/inet.h>
| #endif
| #ifdef HAVE_SYS_TIME_H
|     #include <sys/time.h>
| #endif
| #ifdef HAVE_TIME_H
|     #include <time.h>
| #endif
| #ifdef HAVE_STDLIB_H
|     #include <stdlib.h>
| #endif
| #ifdef HAVE_UNISTD_H
|     #include <unistd.h>
| #endif
| #ifdef HAVE_CTYPE_H
|     #include <ctype.h>
| #endif
| 
| 
| int
| main (void)
| {
| #ifndef gmtime_s
| #ifdef __cplusplus
|   (void) gmtime_s;
| #else
|   (void) gmtime_s;
| #endif
| #endif
| 
|   ;
|   return 0;
| }
configure:16401: result: no
configure:16455: checking whether inet_ntoa is declared
configure:16455: /Users/q/.rustup/toolchains/esp/xtensa-esp-elf/esp-14.2.0_20240906/xtensa-esp-elf/bin/xtensa-esp32-elf-gcc -c -DWOLFSSL_USER_SETTINGS -I/Users/q/Documents/2log-dot-vas/wolfssl-5.8.2/../ -fno-math-errno -mlongcalls -nostdlib -nodefaultlibs -nostartfiles -no-pie     conftest.c >&5
conftest.c: In function 'main':
conftest.c:73:10: error: 'inet_ntoa' undeclared (first use in this function)
   73 |   (void) inet_ntoa;
      |          ^~~~~~~~~
conftest.c:73:10: note: each undeclared identifier is reported only once for each function it appears in
configure:16455: $? = 1
configure: failed program was:
| /* confdefs.h */
| #define PACKAGE_NAME "wolfssl"
| #define PACKAGE_TARNAME "wolfssl"
| #define PACKAGE_VERSION "5.8.2"
| #define PACKAGE_STRING "wolfssl 5.8.2"
| #define PACKAGE_BUGREPORT "https://github.com/wolfssl/wolfssl/issues"
| #define PACKAGE_URL "https://www.wolfssl.com"
| #define HAVE_STDIO_H 1
| #define HAVE_STDLIB_H 1
| #define HAVE_STRING_H 1
| #define HAVE_INTTYPES_H 1
| #define HAVE_STDINT_H 1
| #define HAVE_STRINGS_H 1
| #define HAVE_SYS_STAT_H 1
| #define HAVE_SYS_TYPES_H 1
| #define HAVE_UNISTD_H 1
| #define STDC_HEADERS 1
| #define LT_OBJDIR ".libs/"
| #define HAVE_VISIBILITY 1
| #define SIZEOF_LONG_LONG 8
| #define SIZEOF_LONG 4
| #define SIZEOF_TIME_T 8
| #define HAVE_FCNTL_H 1
| #define HAVE_LIMITS_H 1
| #define HAVE_STDDEF_H 1
| #define HAVE_TIME_H 1
| #define HAVE_SYS_TIME_H 1
| #define HAVE_ERRNO_H 1
| #define HAVE_CTYPE_H 1
| #define HAVE_DECL_GETHOSTBYNAME 0
| #define HAVE_DECL_GETADDRINFO 0
| #define HAVE_DECL_GETTIMEOFDAY 1
| #define HAVE_DECL_GMTIME_R 1
| #define HAVE_DECL_GMTIME_S 0
| /* end confdefs.h.  */
| 
| #ifdef HAVE_SYS_SOCKET_H
|     #include <sys/socket.h>
| #endif
| #ifdef HAVE_STRING_H
|     #include <string.h>
| #endif
| #ifdef HAVE_NETDB_H
|     #include <netdb.h>
| #endif
| #ifdef HAVE_ARPA_INET_H
|     #include <arpa/inet.h>
| #endif
| #ifdef HAVE_SYS_TIME_H
|     #include <sys/time.h>
| #endif
| #ifdef HAVE_TIME_H
|     #include <time.h>
| #endif
| #ifdef HAVE_STDLIB_H
|     #include <stdlib.h>
| #endif
| #ifdef HAVE_UNISTD_H
|     #include <unistd.h>
| #endif
| #ifdef HAVE_CTYPE_H
|     #include <ctype.h>
| #endif
| 
| 
| int
| main (void)
| {
| #ifndef inet_ntoa
| #ifdef __cplusplus
|   (void) inet_ntoa;
| #else
|   (void) inet_ntoa;
| #endif
| #endif
| 
|   ;
|   return 0;
| }
configure:16455: result: no
configure:16509: checking whether memset is declared
configure:16509: /Users/q/.rustup/toolchains/esp/xtensa-esp-elf/esp-14.2.0_20240906/xtensa-esp-elf/bin/xtensa-esp32-elf-gcc -c -DWOLFSSL_USER_SETTINGS -I/Users/q/Documents/2log-dot-vas/wolfssl-5.8.2/../ -fno-math-errno -mlongcalls -nostdlib -nodefaultlibs -nostartfiles -no-pie     conftest.c >&5
configure:16509: $? = 0
configure:16509: result: yes
configure:16563: checking whether socket is declared
configure:16563: /Users/q/.rustup/toolchains/esp/xtensa-esp-elf/esp-14.2.0_20240906/xtensa-esp-elf/bin/xtensa-esp32-elf-gcc -c -DWOLFSSL_USER_SETTINGS -I/Users/q/Documents/2log-dot-vas/wolfssl-5.8.2/../ -fno-math-errno -mlongcalls -nostdlib -nodefaultlibs -nostartfiles -no-pie     conftest.c >&5
conftest.c: In function 'main':
conftest.c:75:10: error: 'socket' undeclared (first use in this function)
   75 |   (void) socket;
      |          ^~~~~~
conftest.c:75:10: note: each undeclared identifier is reported only once for each function it appears in
configure:16563: $? = 1
configure: failed program was:
| /* confdefs.h */
| #define PACKAGE_NAME "wolfssl"
| #define PACKAGE_TARNAME "wolfssl"
| #define PACKAGE_VERSION "5.8.2"
| #define PACKAGE_STRING "wolfssl 5.8.2"
| #define PACKAGE_BUGREPORT "https://github.com/wolfssl/wolfssl/issues"
| #define PACKAGE_URL "https://www.wolfssl.com"
| #define HAVE_STDIO_H 1
| #define HAVE_STDLIB_H 1
| #define HAVE_STRING_H 1
| #define HAVE_INTTYPES_H 1
| #define HAVE_STDINT_H 1
| #define HAVE_STRINGS_H 1
| #define HAVE_SYS_STAT_H 1
| #define HAVE_SYS_TYPES_H 1
| #define HAVE_UNISTD_H 1
| #define STDC_HEADERS 1
| #define LT_OBJDIR ".libs/"
| #define HAVE_VISIBILITY 1
| #define SIZEOF_LONG_LONG 8
| #define SIZEOF_LONG 4
| #define SIZEOF_TIME_T 8
| #define HAVE_FCNTL_H 1
| #define HAVE_LIMITS_H 1
| #define HAVE_STDDEF_H 1
| #define HAVE_TIME_H 1
| #define HAVE_SYS_TIME_H 1
| #define HAVE_ERRNO_H 1
| #define HAVE_CTYPE_H 1
| #define HAVE_DECL_GETHOSTBYNAME 0
| #define HAVE_DECL_GETADDRINFO 0
| #define HAVE_DECL_GETTIMEOFDAY 1
| #define HAVE_DECL_GMTIME_R 1
| #define HAVE_DECL_GMTIME_S 0
| #define HAVE_DECL_INET_NTOA 0
| #define HAVE_DECL_MEMSET 1
| /* end confdefs.h.  */
| 
| #ifdef HAVE_SYS_SOCKET_H
|     #include <sys/socket.h>
| #endif
| #ifdef HAVE_STRING_H
|     #include <string.h>
| #endif
| #ifdef HAVE_NETDB_H
|     #include <netdb.h>
| #endif
| #ifdef HAVE_ARPA_INET_H
|     #include <arpa/inet.h>
| #endif
| #ifdef HAVE_SYS_TIME_H
|     #include <sys/time.h>
| #endif
| #ifdef HAVE_TIME_H
|     #include <time.h>
| #endif
| #ifdef HAVE_STDLIB_H
|     #include <stdlib.h>
| #endif
| #ifdef HAVE_UNISTD_H
|     #include <unistd.h>
| #endif
| #ifdef HAVE_CTYPE_H
|     #include <ctype.h>
| #endif
| 
| 
| int
| main (void)
| {
| #ifndef socket
| #ifdef __cplusplus
|   (void) socket;
| #else
|   (void) socket;
| #endif
| #endif
| 
|   ;
|   return 0;
| }
configure:16563: result: no
configure:16617: checking whether strftime is declared
configure:16617: /Users/q/.rustup/toolchains/esp/xtensa-esp-elf/esp-14.2.0_20240906/xtensa-esp-elf/bin/xtensa-esp32-elf-gcc -c -DWOLFSSL_USER_SETTINGS -I/Users/q/Documents/2log-dot-vas/wolfssl-5.8.2/../ -fno-math-errno -mlongcalls -nostdlib -nodefaultlibs -nostartfiles -no-pie     conftest.c >&5
configure:16617: $? = 0
configure:16617: result: yes
configure:16671: checking whether atexit is declared
configure:16671: /Users/q/.rustup/toolchains/esp/xtensa-esp-elf/esp-14.2.0_20240906/xtensa-esp-elf/bin/xtensa-esp32-elf-gcc -c -DWOLFSSL_USER_SETTINGS -I/Users/q/Documents/2log-dot-vas/wolfssl-5.8.2/../ -fno-math-errno -mlongcalls -nostdlib -nodefaultlibs -nostartfiles -no-pie     conftest.c >&5
configure:16671: $? = 0
configure:16671: result: yes
configure:16725: checking whether isascii is declared
configure:16725: /Users/q/.rustup/toolchains/esp/xtensa-esp-elf/esp-14.2.0_20240906/xtensa-esp-elf/bin/xtensa-esp32-elf-gcc -c -DWOLFSSL_USER_SETTINGS -I/Users/q/Documents/2log-dot-vas/wolfssl-5.8.2/../ -fno-math-errno -mlongcalls -nostdlib -nodefaultlibs -nostartfiles -no-pie     conftest.c >&5
configure:16725: $? = 0
configure:16725: result: yes
configure:16779: checking whether getpid is declared
configure:16779: /Users/q/.rustup/toolchains/esp/xtensa-esp-elf/esp-14.2.0_20240906/xtensa-esp-elf/bin/xtensa-esp32-elf-gcc -c -DWOLFSSL_USER_SETTINGS -I/Users/q/Documents/2log-dot-vas/wolfssl-5.8.2/../ -fno-math-errno -mlongcalls -nostdlib -nodefaultlibs -nostartfiles -no-pie     conftest.c >&5
configure:16779: $? = 0
configure:16779: result: yes
configure:16836: checking for size_t
configure:16836: /Users/q/.rustup/toolchains/esp/xtensa-esp-elf/esp-14.2.0_20240906/xtensa-esp-elf/bin/xtensa-esp32-elf-gcc -c -DWOLFSSL_USER_SETTINGS -I/Users/q/Documents/2log-dot-vas/wolfssl-5.8.2/../ -fno-math-errno -mlongcalls -nostdlib -nodefaultlibs -nostartfiles -no-pie    conftest.c >&5
configure:16836: $? = 0
configure:16836: /Users/q/.rustup/toolchains/esp/xtensa-esp-elf/esp-14.2.0_20240906/xtensa-esp-elf/bin/xtensa-esp32-elf-gcc -c -DWOLFSSL_USER_SETTINGS -I/Users/q/Documents/2log-dot-vas/wolfssl-5.8.2/../ -fno-math-errno -mlongcalls -nostdlib -nodefaultlibs -nostartfiles -no-pie    conftest.c >&5
conftest.c: In function 'main':
conftest.c:74:21: error: expected expression before ')' token
   74 | if (sizeof ((size_t)))
      |                     ^
configure:16836: $? = 1
configure: failed program was:
| /* confdefs.h */
| #define PACKAGE_NAME "wolfssl"
| #define PACKAGE_TARNAME "wolfssl"
| #define PACKAGE_VERSION "5.8.2"
| #define PACKAGE_STRING "wolfssl 5.8.2"
| #define PACKAGE_BUGREPORT "https://github.com/wolfssl/wolfssl/issues"
| #define PACKAGE_URL "https://www.wolfssl.com"
| #define HAVE_STDIO_H 1
| #define HAVE_STDLIB_H 1
| #define HAVE_STRING_H 1
| #define HAVE_INTTYPES_H 1
| #define HAVE_STDINT_H 1
| #define HAVE_STRINGS_H 1
| #define HAVE_SYS_STAT_H 1
| #define HAVE_SYS_TYPES_H 1
| #define HAVE_UNISTD_H 1
| #define STDC_HEADERS 1
| #define LT_OBJDIR ".libs/"
| #define HAVE_VISIBILITY 1
| #define SIZEOF_LONG_LONG 8
| #define SIZEOF_LONG 4
| #define SIZEOF_TIME_T 8
| #define HAVE_FCNTL_H 1
| #define HAVE_LIMITS_H 1
| #define HAVE_STDDEF_H 1
| #define HAVE_TIME_H 1
| #define HAVE_SYS_TIME_H 1
| #define HAVE_ERRNO_H 1
| #define HAVE_CTYPE_H 1
| #define HAVE_DECL_GETHOSTBYNAME 0
| #define HAVE_DECL_GETADDRINFO 0
| #define HAVE_DECL_GETTIMEOFDAY 1
| #define HAVE_DECL_GMTIME_R 1
| #define HAVE_DECL_GMTIME_S 0
| #define HAVE_DECL_INET_NTOA 0
| #define HAVE_DECL_MEMSET 1
| #define HAVE_DECL_SOCKET 0
| #define HAVE_DECL_STRFTIME 1
| #define HAVE_DECL_ATEXIT 1
| #define HAVE_DECL_ISASCII 1
| #define HAVE_DECL_GETPID 1
| /* end confdefs.h.  */
| #include <stddef.h>
| #ifdef HAVE_STDIO_H
| # include <stdio.h>
| #endif
| #ifdef HAVE_STDLIB_H
| # include <stdlib.h>
| #endif
| #ifdef HAVE_STRING_H
| # include <string.h>
| #endif
| #ifdef HAVE_INTTYPES_H
| # include <inttypes.h>
| #endif
| #ifdef HAVE_STDINT_H
| # include <stdint.h>
| #endif
| #ifdef HAVE_STRINGS_H
| # include <strings.h>
| #endif
| #ifdef HAVE_SYS_TYPES_H
| # include <sys/types.h>
| #endif
| #ifdef HAVE_SYS_STAT_H
| # include <sys/stat.h>
| #endif
| #ifdef HAVE_UNISTD_H
| # include <unistd.h>
| #endif
| int
| main (void)
| {
| if (sizeof ((size_t)))
| 	    return 0;
|   ;
|   return 0;
| }
configure:16836: result: yes
configure:16847: checking for uint8_t
configure:16847: /Users/q/.rustup/toolchains/esp/xtensa-esp-elf/esp-14.2.0_20240906/xtensa-esp-elf/bin/xtensa-esp32-elf-gcc -c -DWOLFSSL_USER_SETTINGS -I/Users/q/Documents/2log-dot-vas/wolfssl-5.8.2/../ -fno-math-errno -mlongcalls -nostdlib -nodefaultlibs -nostartfiles -no-pie    conftest.c >&5
configure:16847: $? = 0
configure:16847: result: yes
configure:16860: checking for uintptr_t
configure:16860: /Users/q/.rustup/toolchains/esp/xtensa-esp-elf/esp-14.2.0_20240906/xtensa-esp-elf/bin/xtensa-esp32-elf-gcc -c -DWOLFSSL_USER_SETTINGS -I/Users/q/Documents/2log-dot-vas/wolfssl-5.8.2/../ -fno-math-errno -mlongcalls -nostdlib -nodefaultlibs -nostartfiles -no-pie    conftest.c >&5
configure:16860: $? = 0
configure:16860: /Users/q/.rustup/toolchains/esp/xtensa-esp-elf/esp-14.2.0_20240906/xtensa-esp-elf/bin/xtensa-esp32-elf-gcc -c -DWOLFSSL_USER_SETTINGS -I/Users/q/Documents/2log-dot-vas/wolfssl-5.8.2/../ -fno-math-errno -mlongcalls -nostdlib -nodefaultlibs -nostartfiles -no-pie    conftest.c >&5
conftest.c: In function 'main':
conftest.c:74:24: error: expected expression before ')' token
   74 | if (sizeof ((uintptr_t)))
      |                        ^
configure:16860: $? = 1
configure: failed program was:
| /* confdefs.h */
| #define PACKAGE_NAME "wolfssl"
| #define PACKAGE_TARNAME "wolfssl"
| #define PACKAGE_VERSION "5.8.2"
| #define PACKAGE_STRING "wolfssl 5.8.2"
| #define PACKAGE_BUGREPORT "https://github.com/wolfssl/wolfssl/issues"
| #define PACKAGE_URL "https://www.wolfssl.com"
| #define HAVE_STDIO_H 1
| #define HAVE_STDLIB_H 1
| #define HAVE_STRING_H 1
| #define HAVE_INTTYPES_H 1
| #define HAVE_STDINT_H 1
| #define HAVE_STRINGS_H 1
| #define HAVE_SYS_STAT_H 1
| #define HAVE_SYS_TYPES_H 1
| #define HAVE_UNISTD_H 1
| #define STDC_HEADERS 1
| #define LT_OBJDIR ".libs/"
| #define HAVE_VISIBILITY 1
| #define SIZEOF_LONG_LONG 8
| #define SIZEOF_LONG 4
| #define SIZEOF_TIME_T 8
| #define HAVE_FCNTL_H 1
| #define HAVE_LIMITS_H 1
| #define HAVE_STDDEF_H 1
| #define HAVE_TIME_H 1
| #define HAVE_SYS_TIME_H 1
| #define HAVE_ERRNO_H 1
| #define HAVE_CTYPE_H 1
| #define HAVE_DECL_GETHOSTBYNAME 0
| #define HAVE_DECL_GETADDRINFO 0
| #define HAVE_DECL_GETTIMEOFDAY 1
| #define HAVE_DECL_GMTIME_R 1
| #define HAVE_DECL_GMTIME_S 0
| #define HAVE_DECL_INET_NTOA 0
| #define HAVE_DECL_MEMSET 1
| #define HAVE_DECL_SOCKET 0
| #define HAVE_DECL_STRFTIME 1
| #define HAVE_DECL_ATEXIT 1
| #define HAVE_DECL_ISASCII 1
| #define HAVE_DECL_GETPID 1
| /* end confdefs.h.  */
| #include <stddef.h>
| #ifdef HAVE_STDIO_H
| # include <stdio.h>
| #endif
| #ifdef HAVE_STDLIB_H
| # include <stdlib.h>
| #endif
| #ifdef HAVE_STRING_H
| # include <string.h>
| #endif
| #ifdef HAVE_INTTYPES_H
| # include <inttypes.h>
| #endif
| #ifdef HAVE_STDINT_H
| # include <stdint.h>
| #endif
| #ifdef HAVE_STRINGS_H
| # include <strings.h>
| #endif
| #ifdef HAVE_SYS_TYPES_H
| # include <sys/types.h>
| #endif
| #ifdef HAVE_SYS_STAT_H
| # include <sys/stat.h>
| #endif
| #ifdef HAVE_UNISTD_H
| # include <unistd.h>
| #endif
| int
| main (void)
| {
| if (sizeof ((uintptr_t)))
| 	    return 0;
|   ;
|   return 0;
| }
configure:16860: result: yes
configure:16906: checking dependency style of /Users/q/.rustup/toolchains/esp/xtensa-esp-elf/esp-14.2.0_20240906/xtensa-esp-elf/bin/xtensa-esp32-elf-gcc
configure:17017: result: gcc3
configure:17150: checking for debug
configure:17152: result: yes
configure:19219: checking how to run the C preprocessor
configure:19245: /Users/q/.rustup/toolchains/esp/xtensa-esp-elf/esp-14.2.0_20240906/xtensa-esp-elf/bin/xtensa-esp32-elf-gcc -E  conftest.c
configure:19245: $? = 0
configure:19261: /Users/q/.rustup/toolchains/esp/xtensa-esp-elf/esp-14.2.0_20240906/xtensa-esp-elf/bin/xtensa-esp32-elf-gcc -E  conftest.c
conftest.c:45:10: fatal error: ac_nonexistent.h: No such file or directory
   45 | #include <ac_nonexistent.h>
      |          ^~~~~~~~~~~~~~~~~~
compilation terminated.
configure:19261: $? = 1
configure: failed program was:
| /* confdefs.h */
| #define PACKAGE_NAME "wolfssl"
| #define PACKAGE_TARNAME "wolfssl"
| #define PACKAGE_VERSION "5.8.2"
| #define PACKAGE_STRING "wolfssl 5.8.2"
| #define PACKAGE_BUGREPORT "https://github.com/wolfssl/wolfssl/issues"
| #define PACKAGE_URL "https://www.wolfssl.com"
| #define HAVE_STDIO_H 1
| #define HAVE_STDLIB_H 1
| #define HAVE_STRING_H 1
| #define HAVE_INTTYPES_H 1
| #define HAVE_STDINT_H 1
| #define HAVE_STRINGS_H 1
| #define HAVE_SYS_STAT_H 1
| #define HAVE_SYS_TYPES_H 1
| #define HAVE_UNISTD_H 1
| #define STDC_HEADERS 1
| #define LT_OBJDIR ".libs/"
| #define HAVE_VISIBILITY 1
| #define SIZEOF_LONG_LONG 8
| #define SIZEOF_LONG 4
| #define SIZEOF_TIME_T 8
| #define HAVE_FCNTL_H 1
| #define HAVE_LIMITS_H 1
| #define HAVE_STDDEF_H 1
| #define HAVE_TIME_H 1
| #define HAVE_SYS_TIME_H 1
| #define HAVE_ERRNO_H 1
| #define HAVE_CTYPE_H 1
| #define HAVE_DECL_GETHOSTBYNAME 0
| #define HAVE_DECL_GETADDRINFO 0
| #define HAVE_DECL_GETTIMEOFDAY 1
| #define HAVE_DECL_GMTIME_R 1
| #define HAVE_DECL_GMTIME_S 0
| #define HAVE_DECL_INET_NTOA 0
| #define HAVE_DECL_MEMSET 1
| #define HAVE_DECL_SOCKET 0
| #define HAVE_DECL_STRFTIME 1
| #define HAVE_DECL_ATEXIT 1
| #define HAVE_DECL_ISASCII 1
| #define HAVE_DECL_GETPID 1
| #define HAVE_UINTPTR_T 1
| #define DEBUG 1
| /* end confdefs.h.  */
| #include <ac_nonexistent.h>
configure:19290: result: /Users/q/.rustup/toolchains/esp/xtensa-esp-elf/esp-14.2.0_20240906/xtensa-esp-elf/bin/xtensa-esp32-elf-gcc -E
configure:19304: /Users/q/.rustup/toolchains/esp/xtensa-esp-elf/esp-14.2.0_20240906/xtensa-esp-elf/bin/xtensa-esp32-elf-gcc -E  conftest.c
configure:19304: $? = 0
configure:19320: /Users/q/.rustup/toolchains/esp/xtensa-esp-elf/esp-14.2.0_20240906/xtensa-esp-elf/bin/xtensa-esp32-elf-gcc -E  conftest.c
conftest.c:45:10: fatal error: ac_nonexistent.h: No such file or directory
   45 | #include <ac_nonexistent.h>
      |          ^~~~~~~~~~~~~~~~~~
compilation terminated.
configure:19320: $? = 1
configure: failed program was:
| /* confdefs.h */
| #define PACKAGE_NAME "wolfssl"
| #define PACKAGE_TARNAME "wolfssl"
| #define PACKAGE_VERSION "5.8.2"
| #define PACKAGE_STRING "wolfssl 5.8.2"
| #define PACKAGE_BUGREPORT "https://github.com/wolfssl/wolfssl/issues"
| #define PACKAGE_URL "https://www.wolfssl.com"
| #define HAVE_STDIO_H 1
| #define HAVE_STDLIB_H 1
| #define HAVE_STRING_H 1
| #define HAVE_INTTYPES_H 1
| #define HAVE_STDINT_H 1
| #define HAVE_STRINGS_H 1
| #define HAVE_SYS_STAT_H 1
| #define HAVE_SYS_TYPES_H 1
| #define HAVE_UNISTD_H 1
| #define STDC_HEADERS 1
| #define LT_OBJDIR ".libs/"
| #define HAVE_VISIBILITY 1
| #define SIZEOF_LONG_LONG 8
| #define SIZEOF_LONG 4
| #define SIZEOF_TIME_T 8
| #define HAVE_FCNTL_H 1
| #define HAVE_LIMITS_H 1
| #define HAVE_STDDEF_H 1
| #define HAVE_TIME_H 1
| #define HAVE_SYS_TIME_H 1
| #define HAVE_ERRNO_H 1
| #define HAVE_CTYPE_H 1
| #define HAVE_DECL_GETHOSTBYNAME 0
| #define HAVE_DECL_GETADDRINFO 0
| #define HAVE_DECL_GETTIMEOFDAY 1
| #define HAVE_DECL_GMTIME_R 1
| #define HAVE_DECL_GMTIME_S 0
| #define HAVE_DECL_INET_NTOA 0
| #define HAVE_DECL_MEMSET 1
| #define HAVE_DECL_SOCKET 0
| #define HAVE_DECL_STRFTIME 1
| #define HAVE_DECL_ATEXIT 1
| #define HAVE_DECL_ISASCII 1
| #define HAVE_DECL_GETPID 1
| #define HAVE_UINTPTR_T 1
| #define DEBUG 1
| /* end confdefs.h.  */
| #include <ac_nonexistent.h>
configure:19353: checking for egrep -e
configure:19483: result: /opt/homebrew/opt/grep/libexec/gnubin/grep -E
configure:25130: DTLSv1.3 is enabled, enabling HRR cookie
configure:26872: checking for library containing clock_gettime
configure:26908: /Users/q/.rustup/toolchains/esp/xtensa-esp-elf/esp-14.2.0_20240906/xtensa-esp-elf/bin/xtensa-esp32-elf-gcc -o conftest -DWOLFSSL_USER_SETTINGS -I/Users/q/Documents/2log-dot-vas/wolfssl-5.8.2/../ -fno-math-errno -mlongcalls -nostdlib -nodefaultlibs -nostartfiles -no-pie     conftest.c  >&5
/Users/q/.rustup/toolchains/esp/xtensa-esp-elf/esp-14.2.0_20240906/xtensa-esp-elf/bin/../lib/gcc/xtensa-esp-elf/14.2.0/../../../../xtensa-esp-elf/bin/ld: warning: cannot find entry symbol _start; defaulting to 00400054
/Users/q/.rustup/toolchains/esp/xtensa-esp-elf/esp-14.2.0_20240906/xtensa-esp-elf/bin/../lib/gcc/xtensa-esp-elf/14.2.0/../../../../xtensa-esp-elf/bin/ld: /private/var/folders/m6/kvl6yr995fg1dq1xhqbnldgr0000gq/T//ccdrCpSL.o:(.literal+0x0): undefined reference to `clock_gettime'
/Users/q/.rustup/toolchains/esp/xtensa-esp-elf/esp-14.2.0_20240906/xtensa-esp-elf/bin/../lib/gcc/xtensa-esp-elf/14.2.0/../../../../xtensa-esp-elf/bin/ld: /private/var/folders/m6/kvl6yr995fg1dq1xhqbnldgr0000gq/T//ccdrCpSL.o: in function `main':
conftest.c:(.text+0x6): undefined reference to `clock_gettime'
collect2: error: ld returned 1 exit status
configure:26908: $? = 1
configure: failed program was:
| /* confdefs.h */
| #define PACKAGE_NAME "wolfssl"
| #define PACKAGE_TARNAME "wolfssl"
| #define PACKAGE_VERSION "5.8.2"
| #define PACKAGE_STRING "wolfssl 5.8.2"
| #define PACKAGE_BUGREPORT "https://github.com/wolfssl/wolfssl/issues"
| #define PACKAGE_URL "https://www.wolfssl.com"
| #define HAVE_STDIO_H 1
| #define HAVE_STDLIB_H 1
| #define HAVE_STRING_H 1
| #define HAVE_INTTYPES_H 1
| #define HAVE_STDINT_H 1
| #define HAVE_STRINGS_H 1
| #define HAVE_SYS_STAT_H 1
| #define HAVE_SYS_TYPES_H 1
| #define HAVE_UNISTD_H 1
| #define STDC_HEADERS 1
| #define LT_OBJDIR ".libs/"
| #define HAVE_VISIBILITY 1
| #define SIZEOF_LONG_LONG 8
| #define SIZEOF_LONG 4
| #define SIZEOF_TIME_T 8
| #define HAVE_FCNTL_H 1
| #define HAVE_LIMITS_H 1
| #define HAVE_STDDEF_H 1
| #define HAVE_TIME_H 1
| #define HAVE_SYS_TIME_H 1
| #define HAVE_ERRNO_H 1
| #define HAVE_CTYPE_H 1
| #define HAVE_DECL_GETHOSTBYNAME 0
| #define HAVE_DECL_GETADDRINFO 0
| #define HAVE_DECL_GETTIMEOFDAY 1
| #define HAVE_DECL_GMTIME_R 1
| #define HAVE_DECL_GMTIME_S 0
| #define HAVE_DECL_INET_NTOA 0
| #define HAVE_DECL_MEMSET 1
| #define HAVE_DECL_SOCKET 0
| #define HAVE_DECL_STRFTIME 1
| #define HAVE_DECL_ATEXIT 1
| #define HAVE_DECL_ISASCII 1
| #define HAVE_DECL_GETPID 1
| #define HAVE_UINTPTR_T 1
| #define DEBUG 1
| /* end confdefs.h.  */
| 
| /* Override any GCC internal prototype to avoid an error.
|    Use char because int might match the return type of a GCC
|    builtin and then its argument prototype would still apply.
|    The 'extern "C"' is for builds by C++ compilers;
|    although this is not generally supported in C code supporting it here
|    has little cost and some practical benefit (sr 110532).  */
| #ifdef __cplusplus
| extern "C"
| #endif
| char clock_gettime (void);
| int
| main (void)
| {
| return clock_gettime ();
|   ;
|   return 0;
| }
configure:26908: /Users/q/.rustup/toolchains/esp/xtensa-esp-elf/esp-14.2.0_20240906/xtensa-esp-elf/bin/xtensa-esp32-elf-gcc -o conftest -DWOLFSSL_USER_SETTINGS -I/Users/q/Documents/2log-dot-vas/wolfssl-5.8.2/../ -fno-math-errno -mlongcalls -nostdlib -nodefaultlibs -nostartfiles -no-pie     conftest.c -lrt   >&5
/Users/q/.rustup/toolchains/esp/xtensa-esp-elf/esp-14.2.0_20240906/xtensa-esp-elf/bin/../lib/gcc/xtensa-esp-elf/14.2.0/../../../../xtensa-esp-elf/bin/ld: cannot find -lrt: No such file or directory
collect2: error: ld returned 1 exit status
configure:26908: $? = 1
configure: failed program was:
| /* confdefs.h */
| #define PACKAGE_NAME "wolfssl"
| #define PACKAGE_TARNAME "wolfssl"
| #define PACKAGE_VERSION "5.8.2"
| #define PACKAGE_STRING "wolfssl 5.8.2"
| #define PACKAGE_BUGREPORT "https://github.com/wolfssl/wolfssl/issues"
| #define PACKAGE_URL "https://www.wolfssl.com"
| #define HAVE_STDIO_H 1
| #define HAVE_STDLIB_H 1
| #define HAVE_STRING_H 1
| #define HAVE_INTTYPES_H 1
| #define HAVE_STDINT_H 1
| #define HAVE_STRINGS_H 1
| #define HAVE_SYS_STAT_H 1
| #define HAVE_SYS_TYPES_H 1
| #define HAVE_UNISTD_H 1
| #define STDC_HEADERS 1
| #define LT_OBJDIR ".libs/"
| #define HAVE_VISIBILITY 1
| #define SIZEOF_LONG_LONG 8
| #define SIZEOF_LONG 4
| #define SIZEOF_TIME_T 8
| #define HAVE_FCNTL_H 1
| #define HAVE_LIMITS_H 1
| #define HAVE_STDDEF_H 1
| #define HAVE_TIME_H 1
| #define HAVE_SYS_TIME_H 1
| #define HAVE_ERRNO_H 1
| #define HAVE_CTYPE_H 1
| #define HAVE_DECL_GETHOSTBYNAME 0
| #define HAVE_DECL_GETADDRINFO 0
| #define HAVE_DECL_GETTIMEOFDAY 1
| #define HAVE_DECL_GMTIME_R 1
| #define HAVE_DECL_GMTIME_S 0
| #define HAVE_DECL_INET_NTOA 0
| #define HAVE_DECL_MEMSET 1
| #define HAVE_DECL_SOCKET 0
| #define HAVE_DECL_STRFTIME 1
| #define HAVE_DECL_ATEXIT 1
| #define HAVE_DECL_ISASCII 1
| #define HAVE_DECL_GETPID 1
| #define HAVE_UINTPTR_T 1
| #define DEBUG 1
| /* end confdefs.h.  */
| 
| /* Override any GCC internal prototype to avoid an error.
|    Use char because int might match the return type of a GCC
|    builtin and then its argument prototype would still apply.
|    The 'extern "C"' is for builds by C++ compilers;
|    although this is not generally supported in C code supporting it here
|    has little cost and some practical benefit (sr 110532).  */
| #ifdef __cplusplus
| extern "C"
| #endif
| char clock_gettime (void);
| int
| main (void)
| {
| return clock_gettime ();
|   ;
|   return 0;
| }
configure:26930: result: no
configure:32631: checking for cos in -lm
configure:32660: /Users/q/.rustup/toolchains/esp/xtensa-esp-elf/esp-14.2.0_20240906/xtensa-esp-elf/bin/xtensa-esp32-elf-gcc -o conftest -DWOLFSSL_USER_SETTINGS -I/Users/q/Documents/2log-dot-vas/wolfssl-5.8.2/../ -fno-math-errno -mlongcalls -nostdlib -nodefaultlibs -nostartfiles -no-pie     conftest.c -lm   >&5
conftest.c:55:6: warning: conflicting types for built-in function 'cos'; expected 'double(double)' [-Wbuiltin-declaration-mismatch]
   55 | char cos (void);
      |      ^~~
conftest.c:1:1: note: 'cos' is declared in header '<math.h>'
    1 | /* confdefs.h */
/Users/q/.rustup/toolchains/esp/xtensa-esp-elf/esp-14.2.0_20240906/xtensa-esp-elf/bin/../lib/gcc/xtensa-esp-elf/14.2.0/../../../../xtensa-esp-elf/bin/ld: warning: cannot find entry symbol _start; defaulting to 00400054
/Users/q/.rustup/toolchains/esp/xtensa-esp-elf/esp-14.2.0_20240906/xtensa-esp-elf/bin/../lib/gcc/xtensa-esp-elf/14.2.0/../../../../xtensa-esp-elf/bin/ld: /Users/q/.rustup/toolchains/esp/xtensa-esp-elf/esp-14.2.0_20240906/xtensa-esp-elf/bin/../lib/gcc/xtensa-esp-elf/14.2.0/../../../../xtensa-esp-elf/lib/esp32/libm.a(libm_a-s_cos.o):(.literal+0xc): undefined reference to `__subdf3'
/Users/q/.rustup/toolchains/esp/xtensa-esp-elf/esp-14.2.0_20240906/xtensa-esp-elf/bin/../lib/gcc/xtensa-esp-elf/14.2.0/../../../../xtensa-esp-elf/bin/ld: /Users/q/.rustup/toolchains/esp/xtensa-esp-elf/esp-14.2.0_20240906/xtensa-esp-elf/bin/../lib/gcc/xtensa-esp-elf/14.2.0/../../../../xtensa-esp-elf/lib/esp32/libm.a(libm_a-s_cos.o): in function `cos':
/builds/idf/crosstool-NG/.build/xtensa-esp-elf/src/newlib/newlib/libm/math/s_cos.c:67:(.text+0x23): undefined reference to `__subdf3'
/Users/q/.rustup/toolchains/esp/xtensa-esp-elf/esp-14.2.0_20240906/xtensa-esp-elf/bin/../lib/gcc/xtensa-esp-elf/14.2.0/../../../../xtensa-esp-elf/bin/ld: /Users/q/.rustup/toolchains/esp/xtensa-esp-elf/esp-14.2.0_20240906/xtensa-esp-elf/bin/../lib/gcc/xtensa-esp-elf/14.2.0/../../../../xtensa-esp-elf/lib/esp32/libm.a(libm_a-k_cos.o):(.literal+0x44): undefined reference to `__fixdfsi'
/Users/q/.rustup/toolchains/esp/xtensa-esp-elf/esp-14.2.0_20240906/xtensa-esp-elf/bin/../lib/gcc/xtensa-esp-elf/14.2.0/../../../../xtensa-esp-elf/bin/ld: /Users/q/.rustup/toolchains/esp/xtensa-esp-elf/esp-14.2.0_20240906/xtensa-esp-elf/bin/../lib/gcc/xtensa-esp-elf/14.2.0/../../../../xtensa-esp-elf/lib/esp32/libm.a(libm_a-k_cos.o):(.literal+0x48): undefined reference to `__muldf3'
/Users/q/.rustup/toolchains/esp/xtensa-esp-elf/esp-14.2.0_20240906/xtensa-esp-elf/bin/../lib/gcc/xtensa-esp-elf/14.2.0/../../../../xtensa-esp-elf/bin/ld: /Users/q/.rustup/toolchains/esp/xtensa-esp-elf/esp-14.2.0_20240906/xtensa-esp-elf/bin/../lib/gcc/xtensa-esp-elf/14.2.0/../../../../xtensa-esp-elf/lib/esp32/libm.a(libm_a-k_cos.o):(.literal+0x4c): undefined reference to `__adddf3'
/Users/q/.rustup/toolchains/esp/xtensa-esp-elf/esp-14.2.0_20240906/xtensa-esp-elf/bin/../lib/gcc/xtensa-esp-elf/14.2.0/../../../../xtensa-esp-elf/bin/ld: /Users/q/.rustup/toolchains/esp/xtensa-esp-elf/esp-14.2.0_20240906/xtensa-esp-elf/bin/../lib/gcc/xtensa-esp-elf/14.2.0/../../../../xtensa-esp-elf/lib/esp32/libm.a(libm_a-k_cos.o): in function `__kernel_cos':
/builds/idf/crosstool-NG/.build/xtensa-esp-elf/src/newlib/newlib/libm/math/k_cos.c:78:(.text+0x16): undefined reference to `__fixdfsi'
/Users/q/.rustup/toolchains/esp/xtensa-esp-elf/esp-14.2.0_20240906/xtensa-esp-elf/bin/../lib/gcc/xtensa-esp-elf/14.2.0/../../../../xtensa-esp-elf/bin/ld: /builds/idf/crosstool-NG/.build/xtensa-esp-elf/src/newlib/newlib/libm/math/k_cos.c:80:(.text+0x2e): undefined reference to `__muldf3'
/Users/q/.rustup/toolchains/esp/xtensa-esp-elf/esp-14.2.0_20240906/xtensa-esp-elf/bin/../lib/gcc/xtensa-esp-elf/14.2.0/../../../../xtensa-esp-elf/bin/ld: /builds/idf/crosstool-NG/.build/xtensa-esp-elf/src/newlib/newlib/libm/math/k_cos.c:83:(.text+0x42): undefined reference to `__muldf3'
/Users/q/.rustup/toolchains/esp/xtensa-esp-elf/esp-14.2.0_20240906/xtensa-esp-elf/bin/../lib/gcc/xtensa-esp-elf/14.2.0/../../../../xtensa-esp-elf/bin/ld: /builds/idf/crosstool-NG/.build/xtensa-esp-elf/src/newlib/newlib/libm/math/k_cos.c:81:(.text+0x56): undefined reference to `__muldf3'
/Users/q/.rustup/toolchains/esp/xtensa-esp-elf/esp-14.2.0_20240906/xtensa-esp-elf/bin/../lib/gcc/xtensa-esp-elf/14.2.0/../../../../xtensa-esp-elf/bin/ld: /builds/idf/crosstool-NG/.build/xtensa-esp-elf/src/newlib/newlib/libm/math/k_cos.c:81:(.text+0x62): undefined reference to `__adddf3'
/Users/q/.rustup/toolchains/esp/xtensa-esp-elf/esp-14.2.0_20240906/xtensa-esp-elf/bin/../lib/gcc/xtensa-esp-elf/14.2.0/../../../../xtensa-esp-elf/bin/ld: /builds/idf/crosstool-NG/.build/xtensa-esp-elf/src/newlib/newlib/libm/math/k_cos.c:81:(.text+0x6e): undefined reference to `__muldf3'
/Users/q/.rustup/toolchains/esp/xtensa-esp-elf/esp-14.2.0_20240906/xtensa-esp-elf/bin/../lib/gcc/xtensa-esp-elf/14.2.0/../../../../xtensa-esp-elf/bin/ld: /builds/idf/crosstool-NG/.build/xtensa-esp-elf/src/newlib/newlib/libm/math/k_cos.c:81:(.text+0x7a): undefined reference to `__subdf3'
/Users/q/.rustup/toolchains/esp/xtensa-esp-elf/esp-14.2.0_20240906/xtensa-esp-elf/bin/../lib/gcc/xtensa-esp-elf/14.2.0/../../../../xtensa-esp-elf/bin/ld: /builds/idf/crosstool-NG/.build/xtensa-esp-elf/src/newlib/newlib/libm/math/k_cos.c:81:(.text+0x86): undefined reference to `__muldf3'
/Users/q/.rustup/toolchains/esp/xtensa-esp-elf/esp-14.2.0_20240906/xtensa-esp-elf/bin/../lib/gcc/xtensa-esp-elf/14.2.0/../../../../xtensa-esp-elf/bin/ld: /builds/idf/crosstool-NG/.build/xtensa-esp-elf/src/newlib/newlib/libm/math/k_cos.c:81:(.text+0x92): undefined reference to `__adddf3'
/Users/q/.rustup/toolchains/esp/xtensa-esp-elf/esp-14.2.0_20240906/xtensa-esp-elf/bin/../lib/gcc/xtensa-esp-elf/14.2.0/../../../../xtensa-esp-elf/bin/ld: /builds/idf/crosstool-NG/.build/xtensa-esp-elf/src/newlib/newlib/libm/math/k_cos.c:81:(.text+0x9e): undefined reference to `__muldf3'
/Users/q/.rustup/toolchains/esp/xtensa-esp-elf/esp-14.2.0_20240906/xtensa-esp-elf/bin/../lib/gcc/xtensa-esp-elf/14.2.0/../../../../xtensa-esp-elf/bin/ld: /builds/idf/crosstool-NG/.build/xtensa-esp-elf/src/newlib/newlib/libm/math/k_cos.c:81:(.text+0xaa): undefined reference to `__subdf3'
/Users/q/.rustup/toolchains/esp/xtensa-esp-elf/esp-14.2.0_20240906/xtensa-esp-elf/bin/../lib/gcc/xtensa-esp-elf/14.2.0/../../../../xtensa-esp-elf/bin/ld: /builds/idf/crosstool-NG/.build/xtensa-esp-elf/src/newlib/newlib/libm/math/k_cos.c:81:(.text+0xb6): undefined reference to `__muldf3'
/Users/q/.rustup/toolchains/esp/xtensa-esp-elf/esp-14.2.0_20240906/xtensa-esp-elf/bin/../lib/gcc/xtensa-esp-elf/14.2.0/../../../../xtensa-esp-elf/bin/ld: /builds/idf/crosstool-NG/.build/xtensa-esp-elf/src/newlib/newlib/libm/math/k_cos.c:81:(.text+0xc2): undefined reference to `__adddf3'
/Users/q/.rustup/toolchains/esp/xtensa-esp-elf/esp-14.2.0_20240906/xtensa-esp-elf/bin/../lib/gcc/xtensa-esp-elf/14.2.0/../../../../xtensa-esp-elf/bin/ld: /builds/idf/crosstool-NG/.build/xtensa-esp-elf/src/newlib/newlib/libm/math/k_cos.c:81:(.text+0xcc): undefined reference to `__muldf3'
/Users/q/.rustup/toolchains/esp/xtensa-esp-elf/esp-14.2.0_20240906/xtensa-esp-elf/bin/../lib/gcc/xtensa-esp-elf/14.2.0/../../../../xtensa-esp-elf/bin/ld: /builds/idf/crosstool-NG/.build/xtensa-esp-elf/src/newlib/newlib/libm/math/k_cos.c:83:(.text+0xd6): undefined reference to `__muldf3'
/Users/q/.rustup/toolchains/esp/xtensa-esp-elf/esp-14.2.0_20240906/xtensa-esp-elf/bin/../lib/gcc/xtensa-esp-elf/14.2.0/../../../../xtensa-esp-elf/bin/ld: /builds/idf/crosstool-NG/.build/xtensa-esp-elf/src/newlib/newlib/libm/math/k_cos.c:83:(.text+0xe8): undefined reference to `__muldf3'
/Users/q/.rustup/toolchains/esp/xtensa-esp-elf/esp-14.2.0_20240906/xtensa-esp-elf/bin/../lib/gcc/xtensa-esp-elf/14.2.0/../../../../xtensa-esp-elf/bin/ld: /builds/idf/crosstool-NG/.build/xtensa-esp-elf/src/newlib/newlib/libm/math/k_cos.c:83:(.text+0xf6): undefined reference to `__subdf3'
/Users/q/.rustup/toolchains/esp/xtensa-esp-elf/esp-14.2.0_20240906/xtensa-esp-elf/bin/../lib/gcc/xtensa-esp-elf/14.2.0/../../../../xtensa-esp-elf/bin/ld: /builds/idf/crosstool-NG/.build/xtensa-esp-elf/src/newlib/newlib/libm/math/k_cos.c:83:(.text+0x10e): undefined reference to `__subdf3'
/Users/q/.rustup/toolchains/esp/xtensa-esp-elf/esp-14.2.0_20240906/xtensa-esp-elf/bin/../lib/gcc/xtensa-esp-elf/14.2.0/../../../../xtensa-esp-elf/bin/ld: /builds/idf/crosstool-NG/.build/xtensa-esp-elf/src/newlib/newlib/libm/math/k_cos.c:91:(.text+0x13e): undefined reference to `__subdf3'
/Users/q/.rustup/toolchains/esp/xtensa-esp-elf/esp-14.2.0_20240906/xtensa-esp-elf/bin/../lib/gcc/xtensa-esp-elf/14.2.0/../../../../xtensa-esp-elf/bin/ld: /builds/idf/crosstool-NG/.build/xtensa-esp-elf/src/newlib/newlib/libm/math/k_cos.c:90:(.text+0x150): undefined reference to `__subdf3'
/Users/q/.rustup/toolchains/esp/xtensa-esp-elf/esp-14.2.0_20240906/xtensa-esp-elf/bin/../lib/gcc/xtensa-esp-elf/14.2.0/../../../../xtensa-esp-elf/bin/ld: /builds/idf/crosstool-NG/.build/xtensa-esp-elf/src/newlib/newlib/libm/math/k_cos.c:92:(.text+0x15a): undefined reference to `__subdf3'
/Users/q/.rustup/toolchains/esp/xtensa-esp-elf/esp-14.2.0_20240906/xtensa-esp-elf/bin/../lib/gcc/xtensa-esp-elf/14.2.0/../../../../xtensa-esp-elf/bin/ld: /Users/q/.rustup/toolchains/esp/xtensa-esp-elf/esp-14.2.0_20240906/xtensa-esp-elf/bin/../lib/gcc/xtensa-esp-elf/14.2.0/../../../../xtensa-esp-elf/lib/esp32/libm.a(libm_a-k_cos.o):/builds/idf/crosstool-NG/.build/xtensa-esp-elf/src/newlib/newlib/libm/math/k_cos.c:92: more undefined references to `__subdf3' follow
/Users/q/.rustup/toolchains/esp/xtensa-esp-elf/esp-14.2.0_20240906/xtensa-esp-elf/bin/../lib/gcc/xtensa-esp-elf/14.2.0/../../../../xtensa-esp-elf/bin/ld: /Users/q/.rustup/toolchains/esp/xtensa-esp-elf/esp-14.2.0_20240906/xtensa-esp-elf/bin/../lib/gcc/xtensa-esp-elf/14.2.0/../../../../xtensa-esp-elf/lib/esp32/libm.a(libm_a-k_sin.o): in function `__kernel_sin':
/builds/idf/crosstool-NG/.build/xtensa-esp-elf/src/newlib/newlib/libm/math/k_sin.c:71:(.text+0x1b): undefined reference to `__fixdfsi'
/Users/q/.rustup/toolchains/esp/xtensa-esp-elf/esp-14.2.0_20240906/xtensa-esp-elf/bin/../lib/gcc/xtensa-esp-elf/14.2.0/../../../../xtensa-esp-elf/bin/ld: /builds/idf/crosstool-NG/.build/xtensa-esp-elf/src/newlib/newlib/libm/math/k_sin.c:72:(.text+0x2c): undefined reference to `__muldf3'
/Users/q/.rustup/toolchains/esp/xtensa-esp-elf/esp-14.2.0_20240906/xtensa-esp-elf/bin/../lib/gcc/xtensa-esp-elf/14.2.0/../../../../xtensa-esp-elf/bin/ld: /builds/idf/crosstool-NG/.build/xtensa-esp-elf/src/newlib/newlib/libm/math/k_sin.c:73:(.text+0x3e): undefined reference to `__muldf3'
/Users/q/.rustup/toolchains/esp/xtensa-esp-elf/esp-14.2.0_20240906/xtensa-esp-elf/bin/../lib/gcc/xtensa-esp-elf/14.2.0/../../../../xtensa-esp-elf/bin/ld: /builds/idf/crosstool-NG/.build/xtensa-esp-elf/src/newlib/newlib/libm/math/k_sin.c:74:(.text+0x52): undefined reference to `__muldf3'
/Users/q/.rustup/toolchains/esp/xtensa-esp-elf/esp-14.2.0_20240906/xtensa-esp-elf/bin/../lib/gcc/xtensa-esp-elf/14.2.0/../../../../xtensa-esp-elf/bin/ld: /builds/idf/crosstool-NG/.build/xtensa-esp-elf/src/newlib/newlib/libm/math/k_sin.c:74:(.text+0x5e): undefined reference to `__subdf3'
/Users/q/.rustup/toolchains/esp/xtensa-esp-elf/esp-14.2.0_20240906/xtensa-esp-elf/bin/../lib/gcc/xtensa-esp-elf/14.2.0/../../../../xtensa-esp-elf/bin/ld: /builds/idf/crosstool-NG/.build/xtensa-esp-elf/src/newlib/newlib/libm/math/k_sin.c:74:(.text+0x6a): undefined reference to `__muldf3'
/Users/q/.rustup/toolchains/esp/xtensa-esp-elf/esp-14.2.0_20240906/xtensa-esp-elf/bin/../lib/gcc/xtensa-esp-elf/14.2.0/../../../../xtensa-esp-elf/bin/ld: /builds/idf/crosstool-NG/.build/xtensa-esp-elf/src/newlib/newlib/libm/math/k_sin.c:74:(.text+0x76): undefined reference to `__adddf3'
/Users/q/.rustup/toolchains/esp/xtensa-esp-elf/esp-14.2.0_20240906/xtensa-esp-elf/bin/../lib/gcc/xtensa-esp-elf/14.2.0/../../../../xtensa-esp-elf/bin/ld: /builds/idf/crosstool-NG/.build/xtensa-esp-elf/src/newlib/newlib/libm/math/k_sin.c:74:(.text+0x82): undefined reference to `__muldf3'
/Users/q/.rustup/toolchains/esp/xtensa-esp-elf/esp-14.2.0_20240906/xtensa-esp-elf/bin/../lib/gcc/xtensa-esp-elf/14.2.0/../../../../xtensa-esp-elf/bin/ld: /builds/idf/crosstool-NG/.build/xtensa-esp-elf/src/newlib/newlib/libm/math/k_sin.c:74:(.text+0x8e): undefined reference to `__subdf3'
/Users/q/.rustup/toolchains/esp/xtensa-esp-elf/esp-14.2.0_20240906/xtensa-esp-elf/bin/../lib/gcc/xtensa-esp-elf/14.2.0/../../../../xtensa-esp-elf/bin/ld: /builds/idf/crosstool-NG/.build/xtensa-esp-elf/src/newlib/newlib/libm/math/k_sin.c:74:(.text+0x9a): undefined reference to `__muldf3'
/Users/q/.rustup/toolchains/esp/xtensa-esp-elf/esp-14.2.0_20240906/xtensa-esp-elf/bin/../lib/gcc/xtensa-esp-elf/14.2.0/../../../../xtensa-esp-elf/bin/ld: /builds/idf/crosstool-NG/.build/xtensa-esp-elf/src/newlib/newlib/libm/math/k_sin.c:74:(.text+0xa6): undefined reference to `__adddf3'
/Users/q/.rustup/toolchains/esp/xtensa-esp-elf/esp-14.2.0_20240906/xtensa-esp-elf/bin/../lib/gcc/xtensa-esp-elf/14.2.0/../../../../xtensa-esp-elf/bin/ld: /builds/idf/crosstool-NG/.build/xtensa-esp-elf/src/newlib/newlib/libm/math/k_sin.c:75:(.text+0xba): undefined reference to `__muldf3'
/Users/q/.rustup/toolchains/esp/xtensa-esp-elf/esp-14.2.0_20240906/xtensa-esp-elf/bin/../lib/gcc/xtensa-esp-elf/14.2.0/../../../../xtensa-esp-elf/bin/ld: /builds/idf/crosstool-NG/.build/xtensa-esp-elf/src/newlib/newlib/libm/math/k_sin.c:75:(.text+0xc6): undefined reference to `__subdf3'
/Users/q/.rustup/toolchains/esp/xtensa-esp-elf/esp-14.2.0_20240906/xtensa-esp-elf/bin/../lib/gcc/xtensa-esp-elf/14.2.0/../../../../xtensa-esp-elf/bin/ld: /builds/idf/crosstool-NG/.build/xtensa-esp-elf/src/newlib/newlib/libm/math/k_sin.c:75:(.text+0xd0): undefined reference to `__muldf3'
/Users/q/.rustup/toolchains/esp/xtensa-esp-elf/esp-14.2.0_20240906/xtensa-esp-elf/bin/../lib/gcc/xtensa-esp-elf/14.2.0/../../../../xtensa-esp-elf/bin/ld: /builds/idf/crosstool-NG/.build/xtensa-esp-elf/src/newlib/newlib/libm/math/k_sin.c:75:(.text+0xde): undefined reference to `__adddf3'
/Users/q/.rustup/toolchains/esp/xtensa-esp-elf/esp-14.2.0_20240906/xtensa-esp-elf/bin/../lib/gcc/xtensa-esp-elf/14.2.0/../../../../xtensa-esp-elf/bin/ld: /builds/idf/crosstool-NG/.build/xtensa-esp-elf/src/newlib/newlib/libm/math/k_sin.c:76:(.text+0xf8): undefined reference to `__muldf3'
/Users/q/.rustup/toolchains/esp/xtensa-esp-elf/esp-14.2.0_20240906/xtensa-esp-elf/bin/../lib/gcc/xtensa-esp-elf/14.2.0/../../../../xtensa-esp-elf/bin/ld: /builds/idf/crosstool-NG/.build/xtensa-esp-elf/src/newlib/newlib/libm/math/k_sin.c:76:(.text+0x10c): undefined reference to `__muldf3'
/Users/q/.rustup/toolchains/esp/xtensa-esp-elf/esp-14.2.0_20240906/xtensa-esp-elf/bin/../lib/gcc/xtensa-esp-elf/14.2.0/../../../../xtensa-esp-elf/bin/ld: /builds/idf/crosstool-NG/.build/xtensa-esp-elf/src/newlib/newlib/libm/math/k_sin.c:76:(.text+0x11a): undefined reference to `__subdf3'
/Users/q/.rustup/toolchains/esp/xtensa-esp-elf/esp-14.2.0_20240906/xtensa-esp-elf/bin/../lib/gcc/xtensa-esp-elf/14.2.0/../../../../xtensa-esp-elf/bin/ld: /builds/idf/crosstool-NG/.build/xtensa-esp-elf/src/newlib/newlib/libm/math/k_sin.c:76:(.text+0x124): undefined reference to `__muldf3'
/Users/q/.rustup/toolchains/esp/xtensa-esp-elf/esp-14.2.0_20240906/xtensa-esp-elf/bin/../lib/gcc/xtensa-esp-elf/14.2.0/../../../../xtensa-esp-elf/bin/ld: /builds/idf/crosstool-NG/.build/xtensa-esp-elf/src/newlib/newlib/libm/math/k_sin.c:76:(.text+0x12e): undefined reference to `__subdf3'
/Users/q/.rustup/toolchains/esp/xtensa-esp-elf/esp-14.2.0_20240906/xtensa-esp-elf/bin/../lib/gcc/xtensa-esp-elf/14.2.0/../../../../xtensa-esp-elf/bin/ld: /builds/idf/crosstool-NG/.build/xtensa-esp-elf/src/newlib/newlib/libm/math/k_sin.c:76:(.text+0x142): undefined reference to `__muldf3'
/Users/q/.rustup/toolchains/esp/xtensa-esp-elf/esp-14.2.0_20240906/xtensa-esp-elf/bin/../lib/gcc/xtensa-esp-elf/14.2.0/../../../../xtensa-esp-elf/bin/ld: /builds/idf/crosstool-NG/.build/xtensa-esp-elf/src/newlib/newlib/libm/math/k_sin.c:76:(.text+0x150): undefined reference to `__adddf3'
/Users/q/.rustup/toolchains/esp/xtensa-esp-elf/esp-14.2.0_20240906/xtensa-esp-elf/bin/../lib/gcc/xtensa-esp-elf/14.2.0/../../../../xtensa-esp-elf/bin/ld: /builds/idf/crosstool-NG/.build/xtensa-esp-elf/src/newlib/newlib/libm/math/k_sin.c:76:(.text+0x15e): undefined reference to `__subdf3'
/Users/q/.rustup/toolchains/esp/xtensa-esp-elf/esp-14.2.0_20240906/xtensa-esp-elf/bin/../lib/gcc/xtensa-esp-elf/14.2.0/../../../../xtensa-esp-elf/bin/ld: /Users/q/.rustup/toolchains/esp/xtensa-esp-elf/esp-14.2.0_20240906/xtensa-esp-elf/bin/../lib/gcc/xtensa-esp-elf/14.2.0/../../../../xtensa-esp-elf/lib/esp32/libm.a(libm_a-e_rem_pio2.o):(.literal+0x40): undefined reference to `__floatsidf'
/Users/q/.rustup/toolchains/esp/xtensa-esp-elf/esp-14.2.0_20240906/xtensa-esp-elf/bin/../lib/gcc/xtensa-esp-elf/14.2.0/../../../../xtensa-esp-elf/bin/ld: /Users/q/.rustup/toolchains/esp/xtensa-esp-elf/esp-14.2.0_20240906/xtensa-esp-elf/bin/../lib/gcc/xtensa-esp-elf/14.2.0/../../../../xtensa-esp-elf/lib/esp32/libm.a(libm_a-e_rem_pio2.o):(.literal+0x44): undefined reference to `__eqdf2'
/Users/q/.rustup/toolchains/esp/xtensa-esp-elf/esp-14.2.0_20240906/xtensa-esp-elf/bin/../lib/gcc/xtensa-esp-elf/14.2.0/../../../../xtensa-esp-elf/bin/ld: /Users/q/.rustup/toolchains/esp/xtensa-esp-elf/esp-14.2.0_20240906/xtensa-esp-elf/bin/../lib/gcc/xtensa-esp-elf/14.2.0/../../../../xtensa-esp-elf/lib/esp32/libm.a(libm_a-e_rem_pio2.o): in function `__ieee754_rem_pio2':
/builds/idf/crosstool-NG/.build/xtensa-esp-elf/src/newlib/newlib/libm/math/e_rem_pio2.c:104:(.text+0x3b): undefined reference to `__subdf3'
/Users/q/.rustup/toolchains/esp/xtensa-esp-elf/esp-14.2.0_20240906/xtensa-esp-elf/bin/../lib/gcc/xtensa-esp-elf/14.2.0/../../../../xtensa-esp-elf/bin/ld: /builds/idf/crosstool-NG/.build/xtensa-esp-elf/src/newlib/newlib/libm/math/e_rem_pio2.c:106:(.text+0x50): undefined reference to `__subdf3'
/Users/q/.rustup/toolchains/esp/xtensa-esp-elf/esp-14.2.0_20240906/xtensa-esp-elf/bin/../lib/gcc/xtensa-esp-elf/14.2.0/../../../../xtensa-esp-elf/bin/ld: /builds/idf/crosstool-NG/.build/xtensa-esp-elf/src/newlib/newlib/libm/math/e_rem_pio2.c:107:(.text+0x62): undefined reference to `__subdf3'
/Users/q/.rustup/toolchains/esp/xtensa-esp-elf/esp-14.2.0_20240906/xtensa-esp-elf/bin/../lib/gcc/xtensa-esp-elf/14.2.0/../../../../xtensa-esp-elf/bin/ld: /builds/idf/crosstool-NG/.build/xtensa-esp-elf/src/newlib/newlib/libm/math/e_rem_pio2.c:109:(.text+0x77): undefined reference to `__subdf3'
/Users/q/.rustup/toolchains/esp/xtensa-esp-elf/esp-14.2.0_20240906/xtensa-esp-elf/bin/../lib/gcc/xtensa-esp-elf/14.2.0/../../../../xtensa-esp-elf/bin/ld: /builds/idf/crosstool-NG/.build/xtensa-esp-elf/src/newlib/newlib/libm/math/e_rem_pio2.c:110:(.text+0x88): undefined reference to `__subdf3'
/Users/q/.rustup/toolchains/esp/xtensa-esp-elf/esp-14.2.0_20240906/xtensa-esp-elf/bin/../lib/gcc/xtensa-esp-elf/14.2.0/../../../../xtensa-esp-elf/bin/ld: /Users/q/.rustup/toolchains/esp/xtensa-esp-elf/esp-14.2.0_20240906/xtensa-esp-elf/bin/../lib/gcc/xtensa-esp-elf/14.2.0/../../../../xtensa-esp-elf/lib/esp32/libm.a(libm_a-e_rem_pio2.o):/builds/idf/crosstool-NG/.build/xtensa-esp-elf/src/newlib/newlib/libm/math/e_rem_pio2.c:111: more undefined references to `__subdf3' follow
/Users/q/.rustup/toolchains/esp/xtensa-esp-elf/esp-14.2.0_20240906/xtensa-esp-elf/bin/../lib/gcc/xtensa-esp-elf/14.2.0/../../../../xtensa-esp-elf/bin/ld: /Users/q/.rustup/toolchains/esp/xtensa-esp-elf/esp-14.2.0_20240906/xtensa-esp-elf/bin/../lib/gcc/xtensa-esp-elf/14.2.0/../../../../xtensa-esp-elf/lib/esp32/libm.a(libm_a-e_rem_pio2.o): in function `__ieee754_rem_pio2':
/builds/idf/crosstool-NG/.build/xtensa-esp-elf/src/newlib/newlib/libm/math/e_rem_pio2.c:115:(.text+0xb9): undefined reference to `__adddf3'
/Users/q/.rustup/toolchains/esp/xtensa-esp-elf/esp-14.2.0_20240906/xtensa-esp-elf/bin/../lib/gcc/xtensa-esp-elf/14.2.0/../../../../xtensa-esp-elf/bin/ld: /builds/idf/crosstool-NG/.build/xtensa-esp-elf/src/newlib/newlib/libm/math/e_rem_pio2.c:117:(.text+0xcc): undefined reference to `__adddf3'
/Users/q/.rustup/toolchains/esp/xtensa-esp-elf/esp-14.2.0_20240906/xtensa-esp-elf/bin/../lib/gcc/xtensa-esp-elf/14.2.0/../../../../xtensa-esp-elf/bin/ld: /builds/idf/crosstool-NG/.build/xtensa-esp-elf/src/newlib/newlib/libm/math/e_rem_pio2.c:118:(.text+0xde): undefined reference to `__subdf3'
/Users/q/.rustup/toolchains/esp/xtensa-esp-elf/esp-14.2.0_20240906/xtensa-esp-elf/bin/../lib/gcc/xtensa-esp-elf/14.2.0/../../../../xtensa-esp-elf/bin/ld: /builds/idf/crosstool-NG/.build/xtensa-esp-elf/src/newlib/newlib/libm/math/e_rem_pio2.c:120:(.text+0xf3): undefined reference to `__adddf3'
/Users/q/.rustup/toolchains/esp/xtensa-esp-elf/esp-14.2.0_20240906/xtensa-esp-elf/bin/../lib/gcc/xtensa-esp-elf/14.2.0/../../../../xtensa-esp-elf/bin/ld: /builds/idf/crosstool-NG/.build/xtensa-esp-elf/src/newlib/newlib/libm/math/e_rem_pio2.c:121:(.text+0x104): undefined reference to `__adddf3'
/Users/q/.rustup/toolchains/esp/xtensa-esp-elf/esp-14.2.0_20240906/xtensa-esp-elf/bin/../lib/gcc/xtensa-esp-elf/14.2.0/../../../../xtensa-esp-elf/bin/ld: /builds/idf/crosstool-NG/.build/xtensa-esp-elf/src/newlib/newlib/libm/math/e_rem_pio2.c:122:(.text+0x116): undefined reference to `__subdf3'
/Users/q/.rustup/toolchains/esp/xtensa-esp-elf/esp-14.2.0_20240906/xtensa-esp-elf/bin/../lib/gcc/xtensa-esp-elf/14.2.0/../../../../xtensa-esp-elf/bin/ld: /builds/idf/crosstool-NG/.build/xtensa-esp-elf/src/newlib/newlib/libm/math/e_rem_pio2.c:122:(.text+0x122): undefined reference to `__adddf3'
/Users/q/.rustup/toolchains/esp/xtensa-esp-elf/esp-14.2.0_20240906/xtensa-esp-elf/bin/../lib/gcc/xtensa-esp-elf/14.2.0/../../../../xtensa-esp-elf/bin/ld: /builds/idf/crosstool-NG/.build/xtensa-esp-elf/src/newlib/newlib/libm/math/e_rem_pio2.c:129:(.text+0x14e): undefined reference to `__muldf3'
/Users/q/.rustup/toolchains/esp/xtensa-esp-elf/esp-14.2.0_20240906/xtensa-esp-elf/bin/../lib/gcc/xtensa-esp-elf/14.2.0/../../../../xtensa-esp-elf/bin/ld: /builds/idf/crosstool-NG/.build/xtensa-esp-elf/src/newlib/newlib/libm/math/e_rem_pio2.c:129:(.text+0x15c): undefined reference to `__adddf3'
/Users/q/.rustup/toolchains/esp/xtensa-esp-elf/esp-14.2.0_20240906/xtensa-esp-elf/bin/../lib/gcc/xtensa-esp-elf/14.2.0/../../../../xtensa-esp-elf/bin/ld: /builds/idf/crosstool-NG/.build/xtensa-esp-elf/src/newlib/newlib/libm/math/e_rem_pio2.c:129:(.text+0x162): undefined reference to `__fixdfsi'
/Users/q/.rustup/toolchains/esp/xtensa-esp-elf/esp-14.2.0_20240906/xtensa-esp-elf/bin/../lib/gcc/xtensa-esp-elf/14.2.0/../../../../xtensa-esp-elf/bin/ld: /builds/idf/crosstool-NG/.build/xtensa-esp-elf/src/newlib/newlib/libm/math/e_rem_pio2.c:130:(.text+0x16a): undefined reference to `__floatsidf'
/Users/q/.rustup/toolchains/esp/xtensa-esp-elf/esp-14.2.0_20240906/xtensa-esp-elf/bin/../lib/gcc/xtensa-esp-elf/14.2.0/../../../../xtensa-esp-elf/bin/ld: /builds/idf/crosstool-NG/.build/xtensa-esp-elf/src/newlib/newlib/libm/math/e_rem_pio2.c:131:(.text+0x17c): undefined reference to `__muldf3'
/Users/q/.rustup/toolchains/esp/xtensa-esp-elf/esp-14.2.0_20240906/xtensa-esp-elf/bin/../lib/gcc/xtensa-esp-elf/14.2.0/../../../../xtensa-esp-elf/bin/ld: /builds/idf/crosstool-NG/.build/xtensa-esp-elf/src/newlib/newlib/libm/math/e_rem_pio2.c:131:(.text+0x18a): undefined reference to `__subdf3'
/Users/q/.rustup/toolchains/esp/xtensa-esp-elf/esp-14.2.0_20240906/xtensa-esp-elf/bin/../lib/gcc/xtensa-esp-elf/14.2.0/../../../../xtensa-esp-elf/bin/ld: /builds/idf/crosstool-NG/.build/xtensa-esp-elf/src/newlib/newlib/libm/math/e_rem_pio2.c:132:(.text+0x19e): undefined reference to `__muldf3'
/Users/q/.rustup/toolchains/esp/xtensa-esp-elf/esp-14.2.0_20240906/xtensa-esp-elf/bin/../lib/gcc/xtensa-esp-elf/14.2.0/../../../../xtensa-esp-elf/bin/ld: /builds/idf/crosstool-NG/.build/xtensa-esp-elf/src/newlib/newlib/libm/math/e_rem_pio2.c:134:(.text+0x1b0): undefined reference to `__subdf3'
/Users/q/.rustup/toolchains/esp/xtensa-esp-elf/esp-14.2.0_20240906/xtensa-esp-elf/bin/../lib/gcc/xtensa-esp-elf/14.2.0/../../../../xtensa-esp-elf/bin/ld: /builds/idf/crosstool-NG/.build/xtensa-esp-elf/src/newlib/newlib/libm/math/e_rem_pio2.c:143:(.text+0x1ec): undefined reference to `__muldf3'
/Users/q/.rustup/toolchains/esp/xtensa-esp-elf/esp-14.2.0_20240906/xtensa-esp-elf/bin/../lib/gcc/xtensa-esp-elf/14.2.0/../../../../xtensa-esp-elf/bin/ld: /builds/idf/crosstool-NG/.build/xtensa-esp-elf/src/newlib/newlib/libm/math/e_rem_pio2.c:144:(.text+0x1fe): undefined reference to `__subdf3'
/Users/q/.rustup/toolchains/esp/xtensa-esp-elf/esp-14.2.0_20240906/xtensa-esp-elf/bin/../lib/gcc/xtensa-esp-elf/14.2.0/../../../../xtensa-esp-elf/bin/ld: /builds/idf/crosstool-NG/.build/xtensa-esp-elf/src/newlib/newlib/libm/math/e_rem_pio2.c:145:(.text+0x210): undefined reference to `__subdf3'
/Users/q/.rustup/toolchains/esp/xtensa-esp-elf/esp-14.2.0_20240906/xtensa-esp-elf/bin/../lib/gcc/xtensa-esp-elf/14.2.0/../../../../xtensa-esp-elf/bin/ld: /builds/idf/crosstool-NG/.build/xtensa-esp-elf/src/newlib/newlib/libm/math/e_rem_pio2.c:145:(.text+0x21a): undefined reference to `__subdf3'
/Users/q/.rustup/toolchains/esp/xtensa-esp-elf/esp-14.2.0_20240906/xtensa-esp-elf/bin/../lib/gcc/xtensa-esp-elf/14.2.0/../../../../xtensa-esp-elf/bin/ld: /builds/idf/crosstool-NG/.build/xtensa-esp-elf/src/newlib/newlib/libm/math/e_rem_pio2.c:145:(.text+0x22e): undefined reference to `__muldf3'
/Users/q/.rustup/toolchains/esp/xtensa-esp-elf/esp-14.2.0_20240906/xtensa-esp-elf/bin/../lib/gcc/xtensa-esp-elf/14.2.0/../../../../xtensa-esp-elf/bin/ld: /builds/idf/crosstool-NG/.build/xtensa-esp-elf/src/newlib/newlib/libm/math/e_rem_pio2.c:145:(.text+0x238): undefined reference to `__subdf3'
/Users/q/.rustup/toolchains/esp/xtensa-esp-elf/esp-14.2.0_20240906/xtensa-esp-elf/bin/../lib/gcc/xtensa-esp-elf/14.2.0/../../../../xtensa-esp-elf/bin/ld: /builds/idf/crosstool-NG/.build/xtensa-esp-elf/src/newlib/newlib/libm/math/e_rem_pio2.c:146:(.text+0x24a): undefined reference to `__subdf3'
/Users/q/.rustup/toolchains/esp/xtensa-esp-elf/esp-14.2.0_20240906/xtensa-esp-elf/bin/../lib/gcc/xtensa-esp-elf/14.2.0/../../../../xtensa-esp-elf/bin/ld: /builds/idf/crosstool-NG/.build/xtensa-esp-elf/src/newlib/newlib/libm/math/e_rem_pio2.c:151:(.text+0x278): undefined reference to `__muldf3'
/Users/q/.rustup/toolchains/esp/xtensa-esp-elf/esp-14.2.0_20240906/xtensa-esp-elf/bin/../lib/gcc/xtensa-esp-elf/14.2.0/../../../../xtensa-esp-elf/bin/ld: /builds/idf/crosstool-NG/.build/xtensa-esp-elf/src/newlib/newlib/libm/math/e_rem_pio2.c:152:(.text+0x28a): undefined reference to `__subdf3'
/Users/q/.rustup/toolchains/esp/xtensa-esp-elf/esp-14.2.0_20240906/xtensa-esp-elf/bin/../lib/gcc/xtensa-esp-elf/14.2.0/../../../../xtensa-esp-elf/bin/ld: /builds/idf/crosstool-NG/.build/xtensa-esp-elf/src/newlib/newlib/libm/math/e_rem_pio2.c:153:(.text+0x29c): undefined reference to `__subdf3'
/Users/q/.rustup/toolchains/esp/xtensa-esp-elf/esp-14.2.0_20240906/xtensa-esp-elf/bin/../lib/gcc/xtensa-esp-elf/14.2.0/../../../../xtensa-esp-elf/bin/ld: /builds/idf/crosstool-NG/.build/xtensa-esp-elf/src/newlib/newlib/libm/math/e_rem_pio2.c:153:(.text+0x2a6): undefined reference to `__subdf3'
/Users/q/.rustup/toolchains/esp/xtensa-esp-elf/esp-14.2.0_20240906/xtensa-esp-elf/bin/../lib/gcc/xtensa-esp-elf/14.2.0/../../../../xtensa-esp-elf/bin/ld: /builds/idf/crosstool-NG/.build/xtensa-esp-elf/src/newlib/newlib/libm/math/e_rem_pio2.c:153:(.text+0x2ba): undefined reference to `__muldf3'
/Users/q/.rustup/toolchains/esp/xtensa-esp-elf/esp-14.2.0_20240906/xtensa-esp-elf/bin/../lib/gcc/xtensa-esp-elf/14.2.0/../../../../xtensa-esp-elf/bin/ld: /builds/idf/crosstool-NG/.build/xtensa-esp-elf/src/newlib/newlib/libm/math/e_rem_pio2.c:153:(.text+0x2c4): undefined reference to `__subdf3'
/Users/q/.rustup/toolchains/esp/xtensa-esp-elf/esp-14.2.0_20240906/xtensa-esp-elf/bin/../lib/gcc/xtensa-esp-elf/14.2.0/../../../../xtensa-esp-elf/bin/ld: /builds/idf/crosstool-NG/.build/xtensa-esp-elf/src/newlib/newlib/libm/math/e_rem_pio2.c:154:(.text+0x2d6): undefined reference to `__subdf3'
/Users/q/.rustup/toolchains/esp/xtensa-esp-elf/esp-14.2.0_20240906/xtensa-esp-elf/bin/../lib/gcc/xtensa-esp-elf/14.2.0/../../../../xtensa-esp-elf/bin/ld: /builds/idf/crosstool-NG/.build/xtensa-esp-elf/src/newlib/newlib/libm/math/e_rem_pio2.c:158:(.text+0x2f0): undefined reference to `__subdf3'
/Users/q/.rustup/toolchains/esp/xtensa-esp-elf/esp-14.2.0_20240906/xtensa-esp-elf/bin/../lib/gcc/xtensa-esp-elf/14.2.0/../../../../xtensa-esp-elf/bin/ld: /builds/idf/crosstool-NG/.build/xtensa-esp-elf/src/newlib/newlib/libm/math/e_rem_pio2.c:158:(.text+0x2fa): undefined reference to `__subdf3'
/Users/q/.rustup/toolchains/esp/xtensa-esp-elf/esp-14.2.0_20240906/xtensa-esp-elf/bin/../lib/gcc/xtensa-esp-elf/14.2.0/../../../../xtensa-esp-elf/bin/ld: /builds/idf/crosstool-NG/.build/xtensa-esp-elf/src/newlib/newlib/libm/math/e_rem_pio2.c:166:(.text+0x32b): undefined reference to `__subdf3'
/Users/q/.rustup/toolchains/esp/xtensa-esp-elf/esp-14.2.0_20240906/xtensa-esp-elf/bin/../lib/gcc/xtensa-esp-elf/14.2.0/../../../../xtensa-esp-elf/bin/ld: /builds/idf/crosstool-NG/.build/xtensa-esp-elf/src/newlib/newlib/libm/math/e_rem_pio2.c:174:(.text+0x356): undefined reference to `__fixdfsi'
/Users/q/.rustup/toolchains/esp/xtensa-esp-elf/esp-14.2.0_20240906/xtensa-esp-elf/bin/../lib/gcc/xtensa-esp-elf/14.2.0/../../../../xtensa-esp-elf/bin/ld: /builds/idf/crosstool-NG/.build/xtensa-esp-elf/src/newlib/newlib/libm/math/e_rem_pio2.c:174:(.text+0x35c): undefined reference to `__floatsidf'
/Users/q/.rustup/toolchains/esp/xtensa-esp-elf/esp-14.2.0_20240906/xtensa-esp-elf/bin/../lib/gcc/xtensa-esp-elf/14.2.0/../../../../xtensa-esp-elf/bin/ld: /builds/idf/crosstool-NG/.build/xtensa-esp-elf/src/newlib/newlib/libm/math/e_rem_pio2.c:175:(.text+0x36f): undefined reference to `__subdf3'
/Users/q/.rustup/toolchains/esp/xtensa-esp-elf/esp-14.2.0_20240906/xtensa-esp-elf/bin/../lib/gcc/xtensa-esp-elf/14.2.0/../../../../xtensa-esp-elf/bin/ld: /builds/idf/crosstool-NG/.build/xtensa-esp-elf/src/newlib/newlib/libm/math/e_rem_pio2.c:175:(.text+0x37a): undefined reference to `__muldf3'
/Users/q/.rustup/toolchains/esp/xtensa-esp-elf/esp-14.2.0_20240906/xtensa-esp-elf/bin/../lib/gcc/xtensa-esp-elf/14.2.0/../../../../xtensa-esp-elf/bin/ld: /builds/idf/crosstool-NG/.build/xtensa-esp-elf/src/newlib/newlib/libm/math/e_rem_pio2.c:174:(.text+0x386): undefined reference to `__fixdfsi'
/Users/q/.rustup/toolchains/esp/xtensa-esp-elf/esp-14.2.0_20240906/xtensa-esp-elf/bin/../lib/gcc/xtensa-esp-elf/14.2.0/../../../../xtensa-esp-elf/bin/ld: /builds/idf/crosstool-NG/.build/xtensa-esp-elf/src/newlib/newlib/libm/math/e_rem_pio2.c:174:(.text+0x38c): undefined reference to `__floatsidf'
/Users/q/.rustup/toolchains/esp/xtensa-esp-elf/esp-14.2.0_20240906/xtensa-esp-elf/bin/../lib/gcc/xtensa-esp-elf/14.2.0/../../../../xtensa-esp-elf/bin/ld: /builds/idf/crosstool-NG/.build/xtensa-esp-elf/src/newlib/newlib/libm/math/e_rem_pio2.c:175:(.text+0x39f): undefined reference to `__subdf3'
/Users/q/.rustup/toolchains/esp/xtensa-esp-elf/esp-14.2.0_20240906/xtensa-esp-elf/bin/../lib/gcc/xtensa-esp-elf/14.2.0/../../../../xtensa-esp-elf/bin/ld: /builds/idf/crosstool-NG/.build/xtensa-esp-elf/src/newlib/newlib/libm/math/e_rem_pio2.c:175:(.text+0x3aa): undefined reference to `__muldf3'
/Users/q/.rustup/toolchains/esp/xtensa-esp-elf/esp-14.2.0_20240906/xtensa-esp-elf/bin/../lib/gcc/xtensa-esp-elf/14.2.0/../../../../xtensa-esp-elf/bin/ld: /builds/idf/crosstool-NG/.build/xtensa-esp-elf/src/newlib/newlib/libm/math/e_rem_pio2.c:179:(.text+0x3c7): undefined reference to `__eqdf2'
/Users/q/.rustup/toolchains/esp/xtensa-esp-elf/esp-14.2.0_20240906/xtensa-esp-elf/bin/../lib/gcc/xtensa-esp-elf/14.2.0/../../../../xtensa-esp-elf/bin/ld: /Users/q/.rustup/toolchains/esp/xtensa-esp-elf/esp-14.2.0_20240906/xtensa-esp-elf/bin/../lib/gcc/xtensa-esp-elf/14.2.0/../../../../xtensa-esp-elf/lib/esp32/libm.a(libm_a-k_rem_pio2.o):(.literal+0x10): undefined reference to `__gedf2'
/Users/q/.rustup/toolchains/esp/xtensa-esp-elf/esp-14.2.0_20240906/xtensa-esp-elf/bin/../lib/gcc/xtensa-esp-elf/14.2.0/../../../../xtensa-esp-elf/bin/ld: /Users/q/.rustup/toolchains/esp/xtensa-esp-elf/esp-14.2.0_20240906/xtensa-esp-elf/bin/../lib/gcc/xtensa-esp-elf/14.2.0/../../../../xtensa-esp-elf/lib/esp32/libm.a(libm_a-k_rem_pio2.o): in function `__kernel_rem_pio2':
/builds/idf/crosstool-NG/.build/xtensa-esp-elf/src/newlib/newlib/libm/math/k_rem_pio2.c:186:(.text+0x7f): undefined reference to `__floatsidf'
/Users/q/.rustup/toolchains/esp/xtensa-esp-elf/esp-14.2.0_20240906/xtensa-esp-elf/bin/../lib/gcc/xtensa-esp-elf/14.2.0/../../../../xtensa-esp-elf/bin/ld: /builds/idf/crosstool-NG/.build/xtensa-esp-elf/src/newlib/newlib/libm/math/k_rem_pio2.c:190:(.text+0xbc): undefined reference to `__muldf3'
/Users/q/.rustup/toolchains/esp/xtensa-esp-elf/esp-14.2.0_20240906/xtensa-esp-elf/bin/../lib/gcc/xtensa-esp-elf/14.2.0/../../../../xtensa-esp-elf/bin/ld: /builds/idf/crosstool-NG/.build/xtensa-esp-elf/src/newlib/newlib/libm/math/k_rem_pio2.c:190:(.text+0xca): undefined reference to `__adddf3'
/Users/q/.rustup/toolchains/esp/xtensa-esp-elf/esp-14.2.0_20240906/xtensa-esp-elf/bin/../lib/gcc/xtensa-esp-elf/14.2.0/../../../../xtensa-esp-elf/bin/ld: /builds/idf/crosstool-NG/.build/xtensa-esp-elf/src/newlib/newlib/libm/math/k_rem_pio2.c:198:(.text+0x137): undefined reference to `__muldf3'
/Users/q/.rustup/toolchains/esp/xtensa-esp-elf/esp-14.2.0_20240906/xtensa-esp-elf/bin/../lib/gcc/xtensa-esp-elf/14.2.0/../../../../xtensa-esp-elf/bin/ld: /builds/idf/crosstool-NG/.build/xtensa-esp-elf/src/newlib/newlib/libm/math/k_rem_pio2.c:198:(.text+0x13d): undefined reference to `__fixdfsi'
/Users/q/.rustup/toolchains/esp/xtensa-esp-elf/esp-14.2.0_20240906/xtensa-esp-elf/bin/../lib/gcc/xtensa-esp-elf/14.2.0/../../../../xtensa-esp-elf/bin/ld: /builds/idf/crosstool-NG/.build/xtensa-esp-elf/src/newlib/newlib/libm/math/k_rem_pio2.c:198:(.text+0x143): undefined reference to `__floatsidf'
/Users/q/.rustup/toolchains/esp/xtensa-esp-elf/esp-14.2.0_20240906/xtensa-esp-elf/bin/../lib/gcc/xtensa-esp-elf/14.2.0/../../../../xtensa-esp-elf/bin/ld: /builds/idf/crosstool-NG/.build/xtensa-esp-elf/src/newlib/newlib/libm/math/k_rem_pio2.c:199:(.text+0x154): undefined reference to `__muldf3'
/Users/q/.rustup/toolchains/esp/xtensa-esp-elf/esp-14.2.0_20240906/xtensa-esp-elf/bin/../lib/gcc/xtensa-esp-elf/14.2.0/../../../../xtensa-esp-elf/bin/ld: /builds/idf/crosstool-NG/.build/xtensa-esp-elf/src/newlib/newlib/libm/math/k_rem_pio2.c:199:(.text+0x16b): undefined reference to `__subdf3'
/Users/q/.rustup/toolchains/esp/xtensa-esp-elf/esp-14.2.0_20240906/xtensa-esp-elf/bin/../lib/gcc/xtensa-esp-elf/14.2.0/../../../../xtensa-esp-elf/bin/ld: /builds/idf/crosstool-NG/.build/xtensa-esp-elf/src/newlib/newlib/libm/math/k_rem_pio2.c:199:(.text+0x171): undefined reference to `__fixdfsi'
/Users/q/.rustup/toolchains/esp/xtensa-esp-elf/esp-14.2.0_20240906/xtensa-esp-elf/bin/../lib/gcc/xtensa-esp-elf/14.2.0/../../../../xtensa-esp-elf/bin/ld: /builds/idf/crosstool-NG/.build/xtensa-esp-elf/src/newlib/newlib/libm/math/k_rem_pio2.c:200:(.text+0x18c): undefined reference to `__adddf3'
/Users/q/.rustup/toolchains/esp/xtensa-esp-elf/esp-14.2.0_20240906/xtensa-esp-elf/bin/../lib/gcc/xtensa-esp-elf/14.2.0/../../../../xtensa-esp-elf/bin/ld: /builds/idf/crosstool-NG/.build/xtensa-esp-elf/src/newlib/newlib/libm/math/k_rem_pio2.c:205:(.text+0x1b2): undefined reference to `__muldf3'
/Users/q/.rustup/toolchains/esp/xtensa-esp-elf/esp-14.2.0_20240906/xtensa-esp-elf/bin/../lib/gcc/xtensa-esp-elf/14.2.0/../../../../xtensa-esp-elf/bin/ld: /builds/idf/crosstool-NG/.build/xtensa-esp-elf/src/newlib/newlib/libm/math/k_rem_pio2.c:205:(.text+0x1c6): undefined reference to `__muldf3'
/Users/q/.rustup/toolchains/esp/xtensa-esp-elf/esp-14.2.0_20240906/xtensa-esp-elf/bin/../lib/gcc/xtensa-esp-elf/14.2.0/../../../../xtensa-esp-elf/bin/ld: /builds/idf/crosstool-NG/.build/xtensa-esp-elf/src/newlib/newlib/libm/math/k_rem_pio2.c:205:(.text+0x1d4): undefined reference to `__subdf3'
/Users/q/.rustup/toolchains/esp/xtensa-esp-elf/esp-14.2.0_20240906/xtensa-esp-elf/bin/../lib/gcc/xtensa-esp-elf/14.2.0/../../../../xtensa-esp-elf/bin/ld: /builds/idf/crosstool-NG/.build/xtensa-esp-elf/src/newlib/newlib/libm/math/k_rem_pio2.c:206:(.text+0x1df): undefined reference to `__fixdfsi'
/Users/q/.rustup/toolchains/esp/xtensa-esp-elf/esp-14.2.0_20240906/xtensa-esp-elf/bin/../lib/gcc/xtensa-esp-elf/14.2.0/../../../../xtensa-esp-elf/bin/ld: /builds/idf/crosstool-NG/.build/xtensa-esp-elf/src/newlib/newlib/libm/math/k_rem_pio2.c:207:(.text+0x1e8): undefined reference to `__floatsidf'
/Users/q/.rustup/toolchains/esp/xtensa-esp-elf/esp-14.2.0_20240906/xtensa-esp-elf/bin/../lib/gcc/xtensa-esp-elf/14.2.0/../../../../xtensa-esp-elf/bin/ld: /builds/idf/crosstool-NG/.build/xtensa-esp-elf/src/newlib/newlib/libm/math/k_rem_pio2.c:207:(.text+0x1f6): undefined reference to `__subdf3'
/Users/q/.rustup/toolchains/esp/xtensa-esp-elf/esp-14.2.0_20240906/xtensa-esp-elf/bin/../lib/gcc/xtensa-esp-elf/14.2.0/../../../../xtensa-esp-elf/bin/ld: /builds/idf/crosstool-NG/.build/xtensa-esp-elf/src/newlib/newlib/libm/math/k_rem_pio2.c:215:(.text+0x258): undefined reference to `__gedf2'
/Users/q/.rustup/toolchains/esp/xtensa-esp-elf/esp-14.2.0_20240906/xtensa-esp-elf/bin/../lib/gcc/xtensa-esp-elf/14.2.0/../../../../xtensa-esp-elf/bin/ld: /builds/idf/crosstool-NG/.build/xtensa-esp-elf/src/newlib/newlib/libm/math/k_rem_pio2.c:236:(.text+0x2f7): undefined reference to `__subdf3'
/Users/q/.rustup/toolchains/esp/xtensa-esp-elf/esp-14.2.0_20240906/xtensa-esp-elf/bin/../lib/gcc/xtensa-esp-elf/14.2.0/../../../../xtensa-esp-elf/bin/ld: /builds/idf/crosstool-NG/.build/xtensa-esp-elf/src/newlib/newlib/libm/math/k_rem_pio2.c:237:(.text+0x318): undefined reference to `__subdf3'
/Users/q/.rustup/toolchains/esp/xtensa-esp-elf/esp-14.2.0_20240906/xtensa-esp-elf/bin/../lib/gcc/xtensa-esp-elf/14.2.0/../../../../xtensa-esp-elf/bin/ld: /builds/idf/crosstool-NG/.build/xtensa-esp-elf/src/newlib/newlib/libm/math/k_rem_pio2.c:242:(.text+0x32a): undefined reference to `__eqdf2'
/Users/q/.rustup/toolchains/esp/xtensa-esp-elf/esp-14.2.0_20240906/xtensa-esp-elf/bin/../lib/gcc/xtensa-esp-elf/14.2.0/../../../../xtensa-esp-elf/bin/ld: /builds/idf/crosstool-NG/.build/xtensa-esp-elf/src/newlib/newlib/libm/math/k_rem_pio2.c:249:(.text+0x38b): undefined reference to `__floatsidf'
/Users/q/.rustup/toolchains/esp/xtensa-esp-elf/esp-14.2.0_20240906/xtensa-esp-elf/bin/../lib/gcc/xtensa-esp-elf/14.2.0/../../../../xtensa-esp-elf/bin/ld: /builds/idf/crosstool-NG/.build/xtensa-esp-elf/src/newlib/newlib/libm/math/k_rem_pio2.c:250:(.text+0x3b8): undefined reference to `__muldf3'
/Users/q/.rustup/toolchains/esp/xtensa-esp-elf/esp-14.2.0_20240906/xtensa-esp-elf/bin/../lib/gcc/xtensa-esp-elf/14.2.0/../../../../xtensa-esp-elf/bin/ld: /builds/idf/crosstool-NG/.build/xtensa-esp-elf/src/newlib/newlib/libm/math/k_rem_pio2.c:250:(.text+0x3c6): undefined reference to `__adddf3'
/Users/q/.rustup/toolchains/esp/xtensa-esp-elf/esp-14.2.0_20240906/xtensa-esp-elf/bin/../lib/gcc/xtensa-esp-elf/14.2.0/../../../../xtensa-esp-elf/bin/ld: /builds/idf/crosstool-NG/.build/xtensa-esp-elf/src/newlib/newlib/libm/math/k_rem_pio2.c:264:(.text+0x42b): undefined reference to `__gedf2'
/Users/q/.rustup/toolchains/esp/xtensa-esp-elf/esp-14.2.0_20240906/xtensa-esp-elf/bin/../lib/gcc/xtensa-esp-elf/14.2.0/../../../../xtensa-esp-elf/bin/ld: /builds/idf/crosstool-NG/.build/xtensa-esp-elf/src/newlib/newlib/libm/math/k_rem_pio2.c:265:(.text+0x442): undefined reference to `__muldf3'
/Users/q/.rustup/toolchains/esp/xtensa-esp-elf/esp-14.2.0_20240906/xtensa-esp-elf/bin/../lib/gcc/xtensa-esp-elf/14.2.0/../../../../xtensa-esp-elf/bin/ld: /builds/idf/crosstool-NG/.build/xtensa-esp-elf/src/newlib/newlib/libm/math/k_rem_pio2.c:265:(.text+0x448): undefined reference to `__fixdfsi'
/Users/q/.rustup/toolchains/esp/xtensa-esp-elf/esp-14.2.0_20240906/xtensa-esp-elf/bin/../lib/gcc/xtensa-esp-elf/14.2.0/../../../../xtensa-esp-elf/bin/ld: /builds/idf/crosstool-NG/.build/xtensa-esp-elf/src/newlib/newlib/libm/math/k_rem_pio2.c:265:(.text+0x450): undefined reference to `__floatsidf'
/Users/q/.rustup/toolchains/esp/xtensa-esp-elf/esp-14.2.0_20240906/xtensa-esp-elf/bin/../lib/gcc/xtensa-esp-elf/14.2.0/../../../../xtensa-esp-elf/bin/ld: /builds/idf/crosstool-NG/.build/xtensa-esp-elf/src/newlib/newlib/libm/math/k_rem_pio2.c:266:(.text+0x45b): undefined reference to `__muldf3'
/Users/q/.rustup/toolchains/esp/xtensa-esp-elf/esp-14.2.0_20240906/xtensa-esp-elf/bin/../lib/gcc/xtensa-esp-elf/14.2.0/../../../../xtensa-esp-elf/bin/ld: /builds/idf/crosstool-NG/.build/xtensa-esp-elf/src/newlib/newlib/libm/math/k_rem_pio2.c:266:(.text+0x473): undefined reference to `__subdf3'
/Users/q/.rustup/toolchains/esp/xtensa-esp-elf/esp-14.2.0_20240906/xtensa-esp-elf/bin/../lib/gcc/xtensa-esp-elf/14.2.0/../../../../xtensa-esp-elf/bin/ld: /builds/idf/crosstool-NG/.build/xtensa-esp-elf/src/newlib/newlib/libm/math/k_rem_pio2.c:266:(.text+0x47e): undefined reference to `__fixdfsi'
/Users/q/.rustup/toolchains/esp/xtensa-esp-elf/esp-14.2.0_20240906/xtensa-esp-elf/bin/../lib/gcc/xtensa-esp-elf/14.2.0/../../../../xtensa-esp-elf/bin/ld: /builds/idf/crosstool-NG/.build/xtensa-esp-elf/src/newlib/newlib/libm/math/k_rem_pio2.c:269:(.text+0x4a7): undefined reference to `__fixdfsi'
/Users/q/.rustup/toolchains/esp/xtensa-esp-elf/esp-14.2.0_20240906/xtensa-esp-elf/bin/../lib/gcc/xtensa-esp-elf/14.2.0/../../../../xtensa-esp-elf/bin/ld: /builds/idf/crosstool-NG/.build/xtensa-esp-elf/src/newlib/newlib/libm/math/k_rem_pio2.c:275:(.text+0x4d3): undefined reference to `__floatsidf'
/Users/q/.rustup/toolchains/esp/xtensa-esp-elf/esp-14.2.0_20240906/xtensa-esp-elf/bin/../lib/gcc/xtensa-esp-elf/14.2.0/../../../../xtensa-esp-elf/bin/ld: /builds/idf/crosstool-NG/.build/xtensa-esp-elf/src/newlib/newlib/libm/math/k_rem_pio2.c:275:(.text+0x4de): undefined reference to `__muldf3'
/Users/q/.rustup/toolchains/esp/xtensa-esp-elf/esp-14.2.0_20240906/xtensa-esp-elf/bin/../lib/gcc/xtensa-esp-elf/14.2.0/../../../../xtensa-esp-elf/bin/ld: /builds/idf/crosstool-NG/.build/xtensa-esp-elf/src/newlib/newlib/libm/math/k_rem_pio2.c:275:(.text+0x4f2): undefined reference to `__muldf3'
/Users/q/.rustup/toolchains/esp/xtensa-esp-elf/esp-14.2.0_20240906/xtensa-esp-elf/bin/../lib/gcc/xtensa-esp-elf/14.2.0/../../../../xtensa-esp-elf/bin/ld: /builds/idf/crosstool-NG/.build/xtensa-esp-elf/src/newlib/newlib/libm/math/k_rem_pio2.c:280:(.text+0x514): undefined reference to `__muldf3'
/Users/q/.rustup/toolchains/esp/xtensa-esp-elf/esp-14.2.0_20240906/xtensa-esp-elf/bin/../lib/gcc/xtensa-esp-elf/14.2.0/../../../../xtensa-esp-elf/bin/ld: /builds/idf/crosstool-NG/.build/xtensa-esp-elf/src/newlib/newlib/libm/math/k_rem_pio2.c:280:(.text+0x522): undefined reference to `__adddf3'
/Users/q/.rustup/toolchains/esp/xtensa-esp-elf/esp-14.2.0_20240906/xtensa-esp-elf/bin/../lib/gcc/xtensa-esp-elf/14.2.0/../../../../xtensa-esp-elf/bin/ld: /builds/idf/crosstool-NG/.build/xtensa-esp-elf/src/newlib/newlib/libm/math/k_rem_pio2.c:288:(.text+0x59c): undefined reference to `__adddf3'
/Users/q/.rustup/toolchains/esp/xtensa-esp-elf/esp-14.2.0_20240906/xtensa-esp-elf/bin/../lib/gcc/xtensa-esp-elf/14.2.0/../../../../xtensa-esp-elf/bin/ld: /builds/idf/crosstool-NG/.build/xtensa-esp-elf/src/newlib/newlib/libm/math/k_rem_pio2.c:294:(.text+0x5ca): undefined reference to `__adddf3'
/Users/q/.rustup/toolchains/esp/xtensa-esp-elf/esp-14.2.0_20240906/xtensa-esp-elf/bin/../lib/gcc/xtensa-esp-elf/14.2.0/../../../../xtensa-esp-elf/bin/ld: /builds/idf/crosstool-NG/.build/xtensa-esp-elf/src/newlib/newlib/libm/math/k_rem_pio2.c:296:(.text+0x606): undefined reference to `__subdf3'
/Users/q/.rustup/toolchains/esp/xtensa-esp-elf/esp-14.2.0_20240906/xtensa-esp-elf/bin/../lib/gcc/xtensa-esp-elf/14.2.0/../../../../xtensa-esp-elf/bin/ld: /builds/idf/crosstool-NG/.build/xtensa-esp-elf/src/newlib/newlib/libm/math/k_rem_pio2.c:297:(.text+0x620): undefined reference to `__adddf3'
/Users/q/.rustup/toolchains/esp/xtensa-esp-elf/esp-14.2.0_20240906/xtensa-esp-elf/bin/../lib/gcc/xtensa-esp-elf/14.2.0/../../../../xtensa-esp-elf/bin/ld: /builds/idf/crosstool-NG/.build/xtensa-esp-elf/src/newlib/newlib/libm/math/k_rem_pio2.c:302:(.text+0x664): undefined reference to `__adddf3'
/Users/q/.rustup/toolchains/esp/xtensa-esp-elf/esp-14.2.0_20240906/xtensa-esp-elf/bin/../lib/gcc/xtensa-esp-elf/14.2.0/../../../../xtensa-esp-elf/bin/ld: /builds/idf/crosstool-NG/.build/xtensa-esp-elf/src/newlib/newlib/libm/math/k_rem_pio2.c:303:(.text+0x676): undefined reference to `__subdf3'
/Users/q/.rustup/toolchains/esp/xtensa-esp-elf/esp-14.2.0_20240906/xtensa-esp-elf/bin/../lib/gcc/xtensa-esp-elf/14.2.0/../../../../xtensa-esp-elf/bin/ld: /builds/idf/crosstool-NG/.build/xtensa-esp-elf/src/newlib/newlib/libm/math/k_rem_pio2.c:303:(.text+0x687): undefined reference to `__adddf3'
/Users/q/.rustup/toolchains/esp/xtensa-esp-elf/esp-14.2.0_20240906/xtensa-esp-elf/bin/../lib/gcc/xtensa-esp-elf/14.2.0/../../../../xtensa-esp-elf/bin/ld: /builds/idf/crosstool-NG/.build/xtensa-esp-elf/src/newlib/newlib/libm/math/k_rem_pio2.c:307:(.text+0x6bf): undefined reference to `__adddf3'
/Users/q/.rustup/toolchains/esp/xtensa-esp-elf/esp-14.2.0_20240906/xtensa-esp-elf/bin/../lib/gcc/xtensa-esp-elf/14.2.0/../../../../xtensa-esp-elf/bin/ld: /builds/idf/crosstool-NG/.build/xtensa-esp-elf/src/newlib/newlib/libm/math/k_rem_pio2.c:308:(.text+0x6d8): undefined reference to `__subdf3'
/Users/q/.rustup/toolchains/esp/xtensa-esp-elf/esp-14.2.0_20240906/xtensa-esp-elf/bin/../lib/gcc/xtensa-esp-elf/14.2.0/../../../../xtensa-esp-elf/bin/ld: /builds/idf/crosstool-NG/.build/xtensa-esp-elf/src/newlib/newlib/libm/math/k_rem_pio2.c:308:(.text+0x6e2): undefined reference to `__adddf3'
/Users/q/.rustup/toolchains/esp/xtensa-esp-elf/esp-14.2.0_20240906/xtensa-esp-elf/bin/../lib/gcc/xtensa-esp-elf/14.2.0/../../../../xtensa-esp-elf/bin/ld: /builds/idf/crosstool-NG/.build/xtensa-esp-elf/src/newlib/newlib/libm/math/k_rem_pio2.c:311:(.text+0x70e): undefined reference to `__adddf3'
/Users/q/.rustup/toolchains/esp/xtensa-esp-elf/esp-14.2.0_20240906/xtensa-esp-elf/bin/../lib/gcc/xtensa-esp-elf/14.2.0/../../../../xtensa-esp-elf/bin/ld: /Users/q/.rustup/toolchains/esp/xtensa-esp-elf/esp-14.2.0_20240906/xtensa-esp-elf/bin/../lib/gcc/xtensa-esp-elf/14.2.0/../../../../xtensa-esp-elf/lib/esp32/libm.a(libm_a-s_floor.o):(.literal+0x8): undefined reference to `__gtdf2'
/Users/q/.rustup/toolchains/esp/xtensa-esp-elf/esp-14.2.0_20240906/xtensa-esp-elf/bin/../lib/gcc/xtensa-esp-elf/14.2.0/../../../../xtensa-esp-elf/bin/ld: /Users/q/.rustup/toolchains/esp/xtensa-esp-elf/esp-14.2.0_20240906/xtensa-esp-elf/bin/../lib/gcc/xtensa-esp-elf/14.2.0/../../../../xtensa-esp-elf/lib/esp32/libm.a(libm_a-s_floor.o): in function `floor':
/builds/idf/crosstool-NG/.build/xtensa-esp-elf/src/newlib/newlib/libm/math/s_floor.c:88:(.text+0x2a): undefined reference to `__adddf3'
/Users/q/.rustup/toolchains/esp/xtensa-esp-elf/esp-14.2.0_20240906/xtensa-esp-elf/bin/../lib/gcc/xtensa-esp-elf/14.2.0/../../../../xtensa-esp-elf/bin/ld: /builds/idf/crosstool-NG/.build/xtensa-esp-elf/src/newlib/newlib/libm/math/s_floor.c:88:(.text+0x36): undefined reference to `__gtdf2'
/Users/q/.rustup/toolchains/esp/xtensa-esp-elf/esp-14.2.0_20240906/xtensa-esp-elf/bin/../lib/gcc/xtensa-esp-elf/14.2.0/../../../../xtensa-esp-elf/bin/ld: /builds/idf/crosstool-NG/.build/xtensa-esp-elf/src/newlib/newlib/libm/math/s_floor.c:96:(.text+0x80): undefined reference to `__adddf3'
/Users/q/.rustup/toolchains/esp/xtensa-esp-elf/esp-14.2.0_20240906/xtensa-esp-elf/bin/../lib/gcc/xtensa-esp-elf/14.2.0/../../../../xtensa-esp-elf/bin/ld: /builds/idf/crosstool-NG/.build/xtensa-esp-elf/src/newlib/newlib/libm/math/s_floor.c:96:(.text+0x8a): undefined reference to `__gtdf2'
/Users/q/.rustup/toolchains/esp/xtensa-esp-elf/esp-14.2.0_20240906/xtensa-esp-elf/bin/../lib/gcc/xtensa-esp-elf/14.2.0/../../../../xtensa-esp-elf/bin/ld: /builds/idf/crosstool-NG/.build/xtensa-esp-elf/src/newlib/newlib/libm/math/s_floor.c:102:(.text+0xc7): undefined reference to `__adddf3'
/Users/q/.rustup/toolchains/esp/xtensa-esp-elf/esp-14.2.0_20240906/xtensa-esp-elf/bin/../lib/gcc/xtensa-esp-elf/14.2.0/../../../../xtensa-esp-elf/bin/ld: /builds/idf/crosstool-NG/.build/xtensa-esp-elf/src/newlib/newlib/libm/math/s_floor.c:107:(.text+0xf0): undefined reference to `__adddf3'
/Users/q/.rustup/toolchains/esp/xtensa-esp-elf/esp-14.2.0_20240906/xtensa-esp-elf/bin/../lib/gcc/xtensa-esp-elf/14.2.0/../../../../xtensa-esp-elf/bin/ld: /builds/idf/crosstool-NG/.build/xtensa-esp-elf/src/newlib/newlib/libm/math/s_floor.c:107:(.text+0xfa): undefined reference to `__gtdf2'
/Users/q/.rustup/toolchains/esp/xtensa-esp-elf/esp-14.2.0_20240906/xtensa-esp-elf/bin/../lib/gcc/xtensa-esp-elf/14.2.0/../../../../xtensa-esp-elf/bin/ld: /Users/q/.rustup/toolchains/esp/xtensa-esp-elf/esp-14.2.0_20240906/xtensa-esp-elf/bin/../lib/gcc/xtensa-esp-elf/14.2.0/../../../../xtensa-esp-elf/lib/esp32/libm.a(libm_a-s_scalbn.o): in function `scalbn':
/builds/idf/crosstool-NG/.build/xtensa-esp-elf/src/newlib/newlib/libm/common/s_scalbn.c:90:(.text+0x22): undefined reference to `__muldf3'
/Users/q/.rustup/toolchains/esp/xtensa-esp-elf/esp-14.2.0_20240906/xtensa-esp-elf/bin/../lib/gcc/xtensa-esp-elf/14.2.0/../../../../xtensa-esp-elf/bin/ld: /builds/idf/crosstool-NG/.build/xtensa-esp-elf/src/newlib/newlib/libm/common/s_scalbn.c:95:(.text+0x53): undefined reference to `__adddf3'
/Users/q/.rustup/toolchains/esp/xtensa-esp-elf/esp-14.2.0_20240906/xtensa-esp-elf/bin/../lib/gcc/xtensa-esp-elf/14.2.0/../../../../xtensa-esp-elf/bin/ld: /builds/idf/crosstool-NG/.build/xtensa-esp-elf/src/newlib/newlib/libm/common/s_scalbn.c:106:(.text+0xd3): undefined reference to `__muldf3'
collect2: error: ld returned 1 exit status
configure:32660: $? = 1
configure: failed program was:
| /* confdefs.h */
| #define PACKAGE_NAME "wolfssl"
| #define PACKAGE_TARNAME "wolfssl"
| #define PACKAGE_VERSION "5.8.2"
| #define PACKAGE_STRING "wolfssl 5.8.2"
| #define PACKAGE_BUGREPORT "https://github.com/wolfssl/wolfssl/issues"
| #define PACKAGE_URL "https://www.wolfssl.com"
| #define HAVE_STDIO_H 1
| #define HAVE_STDLIB_H 1
| #define HAVE_STRING_H 1
| #define HAVE_INTTYPES_H 1
| #define HAVE_STDINT_H 1
| #define HAVE_STRINGS_H 1
| #define HAVE_SYS_STAT_H 1
| #define HAVE_SYS_TYPES_H 1
| #define HAVE_UNISTD_H 1
| #define STDC_HEADERS 1
| #define LT_OBJDIR ".libs/"
| #define HAVE_VISIBILITY 1
| #define SIZEOF_LONG_LONG 8
| #define SIZEOF_LONG 4
| #define SIZEOF_TIME_T 8
| #define HAVE_FCNTL_H 1
| #define HAVE_LIMITS_H 1
| #define HAVE_STDDEF_H 1
| #define HAVE_TIME_H 1
| #define HAVE_SYS_TIME_H 1
| #define HAVE_ERRNO_H 1
| #define HAVE_CTYPE_H 1
| #define HAVE_DECL_GETHOSTBYNAME 0
| #define HAVE_DECL_GETADDRINFO 0
| #define HAVE_DECL_GETTIMEOFDAY 1
| #define HAVE_DECL_GMTIME_R 1
| #define HAVE_DECL_GMTIME_S 0
| #define HAVE_DECL_INET_NTOA 0
| #define HAVE_DECL_MEMSET 1
| #define HAVE_DECL_SOCKET 0
| #define HAVE_DECL_STRFTIME 1
| #define HAVE_DECL_ATEXIT 1
| #define HAVE_DECL_ISASCII 1
| #define HAVE_DECL_GETPID 1
| #define HAVE_UINTPTR_T 1
| #define DEBUG 1
| /* end confdefs.h.  */
| 
| /* Override any GCC internal prototype to avoid an error.
|    Use char because int might match the return type of a GCC
|    builtin and then its argument prototype would still apply.
|    The 'extern "C"' is for builds by C++ compilers;
|    although this is not generally supported in C code supporting it here
|    has little cost and some practical benefit (sr 110532).  */
| #ifdef __cplusplus
| extern "C"
| #endif
| char cos (void);
| int
| main (void)
| {
| return cos ();
|   ;
|   return 0;
| }
configure:32672: result: no
configure:32771: checking for library containing gethostbyname
configure:32807: /Users/q/.rustup/toolchains/esp/xtensa-esp-elf/esp-14.2.0_20240906/xtensa-esp-elf/bin/xtensa-esp32-elf-gcc -o conftest -DWOLFSSL_USER_SETTINGS -I/Users/q/Documents/2log-dot-vas/wolfssl-5.8.2/../ -fno-math-errno -mlongcalls -nostdlib -nodefaultlibs -nostartfiles -no-pie     conftest.c  >&5
/Users/q/.rustup/toolchains/esp/xtensa-esp-elf/esp-14.2.0_20240906/xtensa-esp-elf/bin/../lib/gcc/xtensa-esp-elf/14.2.0/../../../../xtensa-esp-elf/bin/ld: warning: cannot find entry symbol _start; defaulting to 00400054
/Users/q/.rustup/toolchains/esp/xtensa-esp-elf/esp-14.2.0_20240906/xtensa-esp-elf/bin/../lib/gcc/xtensa-esp-elf/14.2.0/../../../../xtensa-esp-elf/bin/ld: /private/var/folders/m6/kvl6yr995fg1dq1xhqbnldgr0000gq/T//ccBn5bnE.o:(.literal+0x0): undefined reference to `gethostbyname'
/Users/q/.rustup/toolchains/esp/xtensa-esp-elf/esp-14.2.0_20240906/xtensa-esp-elf/bin/../lib/gcc/xtensa-esp-elf/14.2.0/../../../../xtensa-esp-elf/bin/ld: /private/var/folders/m6/kvl6yr995fg1dq1xhqbnldgr0000gq/T//ccBn5bnE.o: in function `main':
conftest.c:(.text+0x6): undefined reference to `gethostbyname'
collect2: error: ld returned 1 exit status
configure:32807: $? = 1
configure: failed program was:
| /* confdefs.h */
| #define PACKAGE_NAME "wolfssl"
| #define PACKAGE_TARNAME "wolfssl"
| #define PACKAGE_VERSION "5.8.2"
| #define PACKAGE_STRING "wolfssl 5.8.2"
| #define PACKAGE_BUGREPORT "https://github.com/wolfssl/wolfssl/issues"
| #define PACKAGE_URL "https://www.wolfssl.com"
| #define HAVE_STDIO_H 1
| #define HAVE_STDLIB_H 1
| #define HAVE_STRING_H 1
| #define HAVE_INTTYPES_H 1
| #define HAVE_STDINT_H 1
| #define HAVE_STRINGS_H 1
| #define HAVE_SYS_STAT_H 1
| #define HAVE_SYS_TYPES_H 1
| #define HAVE_UNISTD_H 1
| #define STDC_HEADERS 1
| #define LT_OBJDIR ".libs/"
| #define HAVE_VISIBILITY 1
| #define SIZEOF_LONG_LONG 8
| #define SIZEOF_LONG 4
| #define SIZEOF_TIME_T 8
| #define HAVE_FCNTL_H 1
| #define HAVE_LIMITS_H 1
| #define HAVE_STDDEF_H 1
| #define HAVE_TIME_H 1
| #define HAVE_SYS_TIME_H 1
| #define HAVE_ERRNO_H 1
| #define HAVE_CTYPE_H 1
| #define HAVE_DECL_GETHOSTBYNAME 0
| #define HAVE_DECL_GETADDRINFO 0
| #define HAVE_DECL_GETTIMEOFDAY 1
| #define HAVE_DECL_GMTIME_R 1
| #define HAVE_DECL_GMTIME_S 0
| #define HAVE_DECL_INET_NTOA 0
| #define HAVE_DECL_MEMSET 1
| #define HAVE_DECL_SOCKET 0
| #define HAVE_DECL_STRFTIME 1
| #define HAVE_DECL_ATEXIT 1
| #define HAVE_DECL_ISASCII 1
| #define HAVE_DECL_GETPID 1
| #define HAVE_UINTPTR_T 1
| #define DEBUG 1
| /* end confdefs.h.  */
| 
| /* Override any GCC internal prototype to avoid an error.
|    Use char because int might match the return type of a GCC
|    builtin and then its argument prototype would still apply.
|    The 'extern "C"' is for builds by C++ compilers;
|    although this is not generally supported in C code supporting it here
|    has little cost and some practical benefit (sr 110532).  */
| #ifdef __cplusplus
| extern "C"
| #endif
| char gethostbyname (void);
| int
| main (void)
| {
| return gethostbyname ();
|   ;
|   return 0;
| }
configure:32807: /Users/q/.rustup/toolchains/esp/xtensa-esp-elf/esp-14.2.0_20240906/xtensa-esp-elf/bin/xtensa-esp32-elf-gcc -o conftest -DWOLFSSL_USER_SETTINGS -I/Users/q/Documents/2log-dot-vas/wolfssl-5.8.2/../ -fno-math-errno -mlongcalls -nostdlib -nodefaultlibs -nostartfiles -no-pie     conftest.c -lnsl   >&5
/Users/q/.rustup/toolchains/esp/xtensa-esp-elf/esp-14.2.0_20240906/xtensa-esp-elf/bin/../lib/gcc/xtensa-esp-elf/14.2.0/../../../../xtensa-esp-elf/bin/ld: cannot find -lnsl: No such file or directory
collect2: error: ld returned 1 exit status
configure:32807: $? = 1
configure: failed program was:
| /* confdefs.h */
| #define PACKAGE_NAME "wolfssl"
| #define PACKAGE_TARNAME "wolfssl"
| #define PACKAGE_VERSION "5.8.2"
| #define PACKAGE_STRING "wolfssl 5.8.2"
| #define PACKAGE_BUGREPORT "https://github.com/wolfssl/wolfssl/issues"
| #define PACKAGE_URL "https://www.wolfssl.com"
| #define HAVE_STDIO_H 1
| #define HAVE_STDLIB_H 1
| #define HAVE_STRING_H 1
| #define HAVE_INTTYPES_H 1
| #define HAVE_STDINT_H 1
| #define HAVE_STRINGS_H 1
| #define HAVE_SYS_STAT_H 1
| #define HAVE_SYS_TYPES_H 1
| #define HAVE_UNISTD_H 1
| #define STDC_HEADERS 1
| #define LT_OBJDIR ".libs/"
| #define HAVE_VISIBILITY 1
| #define SIZEOF_LONG_LONG 8
| #define SIZEOF_LONG 4
| #define SIZEOF_TIME_T 8
| #define HAVE_FCNTL_H 1
| #define HAVE_LIMITS_H 1
| #define HAVE_STDDEF_H 1
| #define HAVE_TIME_H 1
| #define HAVE_SYS_TIME_H 1
| #define HAVE_ERRNO_H 1
| #define HAVE_CTYPE_H 1
| #define HAVE_DECL_GETHOSTBYNAME 0
| #define HAVE_DECL_GETADDRINFO 0
| #define HAVE_DECL_GETTIMEOFDAY 1
| #define HAVE_DECL_GMTIME_R 1
| #define HAVE_DECL_GMTIME_S 0
| #define HAVE_DECL_INET_NTOA 0
| #define HAVE_DECL_MEMSET 1
| #define HAVE_DECL_SOCKET 0
| #define HAVE_DECL_STRFTIME 1
| #define HAVE_DECL_ATEXIT 1
| #define HAVE_DECL_ISASCII 1
| #define HAVE_DECL_GETPID 1
| #define HAVE_UINTPTR_T 1
| #define DEBUG 1
| /* end confdefs.h.  */
| 
| /* Override any GCC internal prototype to avoid an error.
|    Use char because int might match the return type of a GCC
|    builtin and then its argument prototype would still apply.
|    The 'extern "C"' is for builds by C++ compilers;
|    although this is not generally supported in C code supporting it here
|    has little cost and some practical benefit (sr 110532).  */
| #ifdef __cplusplus
| extern "C"
| #endif
| char gethostbyname (void);
| int
| main (void)
| {
| return gethostbyname ();
|   ;
|   return 0;
| }
configure:32829: result: no
configure:32838: checking for library containing socket
configure:32874: /Users/q/.rustup/toolchains/esp/xtensa-esp-elf/esp-14.2.0_20240906/xtensa-esp-elf/bin/xtensa-esp32-elf-gcc -o conftest -DWOLFSSL_USER_SETTINGS -I/Users/q/Documents/2log-dot-vas/wolfssl-5.8.2/../ -fno-math-errno -mlongcalls -nostdlib -nodefaultlibs -nostartfiles -no-pie     conftest.c  >&5
/Users/q/.rustup/toolchains/esp/xtensa-esp-elf/esp-14.2.0_20240906/xtensa-esp-elf/bin/../lib/gcc/xtensa-esp-elf/14.2.0/../../../../xtensa-esp-elf/bin/ld: warning: cannot find entry symbol _start; defaulting to 00400054
/Users/q/.rustup/toolchains/esp/xtensa-esp-elf/esp-14.2.0_20240906/xtensa-esp-elf/bin/../lib/gcc/xtensa-esp-elf/14.2.0/../../../../xtensa-esp-elf/bin/ld: /private/var/folders/m6/kvl6yr995fg1dq1xhqbnldgr0000gq/T//cclExacx.o:(.literal+0x0): undefined reference to `socket'
/Users/q/.rustup/toolchains/esp/xtensa-esp-elf/esp-14.2.0_20240906/xtensa-esp-elf/bin/../lib/gcc/xtensa-esp-elf/14.2.0/../../../../xtensa-esp-elf/bin/ld: /private/var/folders/m6/kvl6yr995fg1dq1xhqbnldgr0000gq/T//cclExacx.o: in function `main':
conftest.c:(.text+0x6): undefined reference to `socket'
collect2: error: ld returned 1 exit status
configure:32874: $? = 1
configure: failed program was:
| /* confdefs.h */
| #define PACKAGE_NAME "wolfssl"
| #define PACKAGE_TARNAME "wolfssl"
| #define PACKAGE_VERSION "5.8.2"
| #define PACKAGE_STRING "wolfssl 5.8.2"
| #define PACKAGE_BUGREPORT "https://github.com/wolfssl/wolfssl/issues"
| #define PACKAGE_URL "https://www.wolfssl.com"
| #define HAVE_STDIO_H 1
| #define HAVE_STDLIB_H 1
| #define HAVE_STRING_H 1
| #define HAVE_INTTYPES_H 1
| #define HAVE_STDINT_H 1
| #define HAVE_STRINGS_H 1
| #define HAVE_SYS_STAT_H 1
| #define HAVE_SYS_TYPES_H 1
| #define HAVE_UNISTD_H 1
| #define STDC_HEADERS 1
| #define LT_OBJDIR ".libs/"
| #define HAVE_VISIBILITY 1
| #define SIZEOF_LONG_LONG 8
| #define SIZEOF_LONG 4
| #define SIZEOF_TIME_T 8
| #define HAVE_FCNTL_H 1
| #define HAVE_LIMITS_H 1
| #define HAVE_STDDEF_H 1
| #define HAVE_TIME_H 1
| #define HAVE_SYS_TIME_H 1
| #define HAVE_ERRNO_H 1
| #define HAVE_CTYPE_H 1
| #define HAVE_DECL_GETHOSTBYNAME 0
| #define HAVE_DECL_GETADDRINFO 0
| #define HAVE_DECL_GETTIMEOFDAY 1
| #define HAVE_DECL_GMTIME_R 1
| #define HAVE_DECL_GMTIME_S 0
| #define HAVE_DECL_INET_NTOA 0
| #define HAVE_DECL_MEMSET 1
| #define HAVE_DECL_SOCKET 0
| #define HAVE_DECL_STRFTIME 1
| #define HAVE_DECL_ATEXIT 1
| #define HAVE_DECL_ISASCII 1
| #define HAVE_DECL_GETPID 1
| #define HAVE_UINTPTR_T 1
| #define DEBUG 1
| /* end confdefs.h.  */
| 
| /* Override any GCC internal prototype to avoid an error.
|    Use char because int might match the return type of a GCC
|    builtin and then its argument prototype would still apply.
|    The 'extern "C"' is for builds by C++ compilers;
|    although this is not generally supported in C code supporting it here
|    has little cost and some practical benefit (sr 110532).  */
| #ifdef __cplusplus
| extern "C"
| #endif
| char socket (void);
| int
| main (void)
| {
| return socket ();
|   ;
|   return 0;
| }
configure:32874: /Users/q/.rustup/toolchains/esp/xtensa-esp-elf/esp-14.2.0_20240906/xtensa-esp-elf/bin/xtensa-esp32-elf-gcc -o conftest -DWOLFSSL_USER_SETTINGS -I/Users/q/Documents/2log-dot-vas/wolfssl-5.8.2/../ -fno-math-errno -mlongcalls -nostdlib -nodefaultlibs -nostartfiles -no-pie     conftest.c -lsocket   >&5
/Users/q/.rustup/toolchains/esp/xtensa-esp-elf/esp-14.2.0_20240906/xtensa-esp-elf/bin/../lib/gcc/xtensa-esp-elf/14.2.0/../../../../xtensa-esp-elf/bin/ld: cannot find -lsocket: No such file or directory
collect2: error: ld returned 1 exit status
configure:32874: $? = 1
configure: failed program was:
| /* confdefs.h */
| #define PACKAGE_NAME "wolfssl"
| #define PACKAGE_TARNAME "wolfssl"
| #define PACKAGE_VERSION "5.8.2"
| #define PACKAGE_STRING "wolfssl 5.8.2"
| #define PACKAGE_BUGREPORT "https://github.com/wolfssl/wolfssl/issues"
| #define PACKAGE_URL "https://www.wolfssl.com"
| #define HAVE_STDIO_H 1
| #define HAVE_STDLIB_H 1
| #define HAVE_STRING_H 1
| #define HAVE_INTTYPES_H 1
| #define HAVE_STDINT_H 1
| #define HAVE_STRINGS_H 1
| #define HAVE_SYS_STAT_H 1
| #define HAVE_SYS_TYPES_H 1
| #define HAVE_UNISTD_H 1
| #define STDC_HEADERS 1
| #define LT_OBJDIR ".libs/"
| #define HAVE_VISIBILITY 1
| #define SIZEOF_LONG_LONG 8
| #define SIZEOF_LONG 4
| #define SIZEOF_TIME_T 8
| #define HAVE_FCNTL_H 1
| #define HAVE_LIMITS_H 1
| #define HAVE_STDDEF_H 1
| #define HAVE_TIME_H 1
| #define HAVE_SYS_TIME_H 1
| #define HAVE_ERRNO_H 1
| #define HAVE_CTYPE_H 1
| #define HAVE_DECL_GETHOSTBYNAME 0
| #define HAVE_DECL_GETADDRINFO 0
| #define HAVE_DECL_GETTIMEOFDAY 1
| #define HAVE_DECL_GMTIME_R 1
| #define HAVE_DECL_GMTIME_S 0
| #define HAVE_DECL_INET_NTOA 0
| #define HAVE_DECL_MEMSET 1
| #define HAVE_DECL_SOCKET 0
| #define HAVE_DECL_STRFTIME 1
| #define HAVE_DECL_ATEXIT 1
| #define HAVE_DECL_ISASCII 1
| #define HAVE_DECL_GETPID 1
| #define HAVE_UINTPTR_T 1
| #define DEBUG 1
| /* end confdefs.h.  */
| 
| /* Override any GCC internal prototype to avoid an error.
|    Use char because int might match the return type of a GCC
|    builtin and then its argument prototype would still apply.
|    The 'extern "C"' is for builds by C++ compilers;
|    although this is not generally supported in C code supporting it here
|    has little cost and some practical benefit (sr 110532).  */
| #ifdef __cplusplus
| extern "C"
| #endif
| char socket (void);
| int
| main (void)
| {
| return socket ();
|   ;
|   return 0;
| }
configure:32896: result: no
configure:32905: checking for socket in -lsocket
configure:32934: /Users/q/.rustup/toolchains/esp/xtensa-esp-elf/esp-14.2.0_20240906/xtensa-esp-elf/bin/xtensa-esp32-elf-gcc -o conftest -DWOLFSSL_USER_SETTINGS -I/Users/q/Documents/2log-dot-vas/wolfssl-5.8.2/../ -fno-math-errno -mlongcalls -nostdlib -nodefaultlibs -nostartfiles -no-pie     conftest.c -lsocket -lnsl  >&5
/Users/q/.rustup/toolchains/esp/xtensa-esp-elf/esp-14.2.0_20240906/xtensa-esp-elf/bin/../lib/gcc/xtensa-esp-elf/14.2.0/../../../../xtensa-esp-elf/bin/ld: cannot find -lsocket: No such file or directory
/Users/q/.rustup/toolchains/esp/xtensa-esp-elf/esp-14.2.0_20240906/xtensa-esp-elf/bin/../lib/gcc/xtensa-esp-elf/14.2.0/../../../../xtensa-esp-elf/bin/ld: cannot find -lnsl: No such file or directory
collect2: error: ld returned 1 exit status
configure:32934: $? = 1
configure: failed program was:
| /* confdefs.h */
| #define PACKAGE_NAME "wolfssl"
| #define PACKAGE_TARNAME "wolfssl"
| #define PACKAGE_VERSION "5.8.2"
| #define PACKAGE_STRING "wolfssl 5.8.2"
| #define PACKAGE_BUGREPORT "https://github.com/wolfssl/wolfssl/issues"
| #define PACKAGE_URL "https://www.wolfssl.com"
| #define HAVE_STDIO_H 1
| #define HAVE_STDLIB_H 1
| #define HAVE_STRING_H 1
| #define HAVE_INTTYPES_H 1
| #define HAVE_STDINT_H 1
| #define HAVE_STRINGS_H 1
| #define HAVE_SYS_STAT_H 1
| #define HAVE_SYS_TYPES_H 1
| #define HAVE_UNISTD_H 1
| #define STDC_HEADERS 1
| #define LT_OBJDIR ".libs/"
| #define HAVE_VISIBILITY 1
| #define SIZEOF_LONG_LONG 8
| #define SIZEOF_LONG 4
| #define SIZEOF_TIME_T 8
| #define HAVE_FCNTL_H 1
| #define HAVE_LIMITS_H 1
| #define HAVE_STDDEF_H 1
| #define HAVE_TIME_H 1
| #define HAVE_SYS_TIME_H 1
| #define HAVE_ERRNO_H 1
| #define HAVE_CTYPE_H 1
| #define HAVE_DECL_GETHOSTBYNAME 0
| #define HAVE_DECL_GETADDRINFO 0
| #define HAVE_DECL_GETTIMEOFDAY 1
| #define HAVE_DECL_GMTIME_R 1
| #define HAVE_DECL_GMTIME_S 0
| #define HAVE_DECL_INET_NTOA 0
| #define HAVE_DECL_MEMSET 1
| #define HAVE_DECL_SOCKET 0
| #define HAVE_DECL_STRFTIME 1
| #define HAVE_DECL_ATEXIT 1
| #define HAVE_DECL_ISASCII 1
| #define HAVE_DECL_GETPID 1
| #define HAVE_UINTPTR_T 1
| #define DEBUG 1
| /* end confdefs.h.  */
| 
| /* Override any GCC internal prototype to avoid an error.
|    Use char because int might match the return type of a GCC
|    builtin and then its argument prototype would still apply.
|    The 'extern "C"' is for builds by C++ compilers;
|    although this is not generally supported in C code supporting it here
|    has little cost and some practical benefit (sr 110532).  */
| #ifdef __cplusplus
| extern "C"
| #endif
| char socket (void);
| int
| main (void)
| {
| return socket ();
|   ;
|   return 0;
| }
configure:32946: result: no
configure:32957: checking for vcs system
configure:32983: result: none
configure:32990: checking for vcs checkout
configure:33006: result: no
configure:33087: checking whether the linker accepts -Werror
configure:33107: /Users/q/.rustup/toolchains/esp/xtensa-esp-elf/esp-14.2.0_20240906/xtensa-esp-elf/bin/xtensa-esp32-elf-gcc -o conftest -DWOLFSSL_USER_SETTINGS -I/Users/q/Documents/2log-dot-vas/wolfssl-5.8.2/../ -fno-math-errno -mlongcalls -nostdlib -nodefaultlibs -nostartfiles -no-pie      -Werror conftest.c  >&5
/Users/q/.rustup/toolchains/esp/xtensa-esp-elf/esp-14.2.0_20240906/xtensa-esp-elf/bin/../lib/gcc/xtensa-esp-elf/14.2.0/../../../../xtensa-esp-elf/bin/ld: warning: cannot find entry symbol _start; defaulting to 00400054
configure:33107: $? = 0
configure:33119: result: yes
configure:33136: checking whether the linker accepts -z relro -z now
configure:33156: /Users/q/.rustup/toolchains/esp/xtensa-esp-elf/esp-14.2.0_20240906/xtensa-esp-elf/bin/xtensa-esp32-elf-gcc -o conftest -DWOLFSSL_USER_SETTINGS -I/Users/q/Documents/2log-dot-vas/wolfssl-5.8.2/../ -fno-math-errno -mlongcalls -nostdlib -nodefaultlibs -nostartfiles -no-pie     -Werror -z relro -z now conftest.c  >&5
/Users/q/.rustup/toolchains/esp/xtensa-esp-elf/esp-14.2.0_20240906/xtensa-esp-elf/bin/../lib/gcc/xtensa-esp-elf/14.2.0/../../../../xtensa-esp-elf/bin/ld: warning: cannot find entry symbol _start; defaulting to 00400054
configure:33156: $? = 0
configure:33169: result: yes
configure:33183: checking whether the linker accepts -pie
configure:33203: /Users/q/.rustup/toolchains/esp/xtensa-esp-elf/esp-14.2.0_20240906/xtensa-esp-elf/bin/xtensa-esp32-elf-gcc -o conftest -DWOLFSSL_USER_SETTINGS -I/Users/q/Documents/2log-dot-vas/wolfssl-5.8.2/../ -fno-math-errno -mlongcalls -nostdlib -nodefaultlibs -nostartfiles -no-pie     -Werror -pie conftest.c  >&5
/Users/q/.rustup/toolchains/esp/xtensa-esp-elf/esp-14.2.0_20240906/xtensa-esp-elf/bin/../lib/gcc/xtensa-esp-elf/14.2.0/../../../../xtensa-esp-elf/bin/ld: warning: cannot find entry symbol _start; defaulting to 00000104
configure:33203: $? = 0
configure:33216: result: yes
configure:33341: checking whether C compiler accepts -Werror
configure:33361: /Users/q/.rustup/toolchains/esp/xtensa-esp-elf/esp-14.2.0_20240906/xtensa-esp-elf/bin/xtensa-esp32-elf-gcc -c -DWOLFSSL_USER_SETTINGS -I/Users/q/Documents/2log-dot-vas/wolfssl-5.8.2/../ -fno-math-errno -mlongcalls -nostdlib -nodefaultlibs -nostartfiles -no-pie    -Werror  conftest.c >&5
configure:33361: $? = 0
configure:33373: result: yes
configure:33391: : ax_append_compile_cflags_extra="$ax_append_compile_cflags_extra"
configure:33394: $? = 0
configure:33431: checking whether C compiler accepts -g
configure:33451: /Users/q/.rustup/toolchains/esp/xtensa-esp-elf/esp-14.2.0_20240906/xtensa-esp-elf/bin/xtensa-esp32-elf-gcc -c -DWOLFSSL_USER_SETTINGS -I/Users/q/Documents/2log-dot-vas/wolfssl-5.8.2/../ -fno-math-errno -mlongcalls -nostdlib -nodefaultlibs -nostartfiles -no-pie    -g  conftest.c >&5
configure:33451: $? = 0
configure:33463: result: yes
configure:33481: : CFLAGS="$CFLAGS"
configure:33484: $? = 0
configure:33514: checking whether C compiler accepts -ggdb
configure:33534: /Users/q/.rustup/toolchains/esp/xtensa-esp-elf/esp-14.2.0_20240906/xtensa-esp-elf/bin/xtensa-esp32-elf-gcc -c -DWOLFSSL_USER_SETTINGS -I/Users/q/Documents/2log-dot-vas/wolfssl-5.8.2/../ -fno-math-errno -mlongcalls -nostdlib -nodefaultlibs -nostartfiles -no-pie   -g  -Werror -ggdb  conftest.c >&5
configure:33534: $? = 0
configure:33546: result: yes
configure:33564: : CFLAGS="$CFLAGS"
configure:33567: $? = 0
configure:33597: checking whether C compiler accepts -O0
configure:33617: /Users/q/.rustup/toolchains/esp/xtensa-esp-elf/esp-14.2.0_20240906/xtensa-esp-elf/bin/xtensa-esp32-elf-gcc -c -DWOLFSSL_USER_SETTINGS -I/Users/q/Documents/2log-dot-vas/wolfssl-5.8.2/../ -fno-math-errno -mlongcalls -nostdlib -nodefaultlibs -nostartfiles -no-pie   -g -ggdb  -Werror -O0  conftest.c >&5
configure:33617: $? = 0
configure:33629: result: yes
configure:33647: : CFLAGS="$CFLAGS"
configure:33650: $? = 0
configure:33683: checking whether C compiler accepts -Wno-pragmas
configure:33703: /Users/q/.rustup/toolchains/esp/xtensa-esp-elf/esp-14.2.0_20240906/xtensa-esp-elf/bin/xtensa-esp32-elf-gcc -c -DWOLFSSL_USER_SETTINGS -I/Users/q/Documents/2log-dot-vas/wolfssl-5.8.2/../ -fno-math-errno -mlongcalls -nostdlib -nodefaultlibs -nostartfiles -no-pie   -g -ggdb -O0  -Werror -Wno-pragmas  conftest.c >&5
configure:33703: $? = 0
configure:33715: result: yes
configure:33733: : CFLAGS="$CFLAGS"
configure:33736: $? = 0
configure:33767: checking whether C compiler accepts -Wall
configure:33787: /Users/q/.rustup/toolchains/esp/xtensa-esp-elf/esp-14.2.0_20240906/xtensa-esp-elf/bin/xtensa-esp32-elf-gcc -c -DWOLFSSL_USER_SETTINGS -I/Users/q/Documents/2log-dot-vas/wolfssl-5.8.2/../ -fno-math-errno -mlongcalls -nostdlib -nodefaultlibs -nostartfiles -no-pie   -g -ggdb -O0 -Wno-pragmas  -Werror -Wall  conftest.c >&5
configure:33787: $? = 0
configure:33799: result: yes
configure:33817: : CFLAGS="$CFLAGS"
configure:33820: $? = 0
configure:33850: checking whether C compiler accepts -Wextra
configure:33870: /Users/q/.rustup/toolchains/esp/xtensa-esp-elf/esp-14.2.0_20240906/xtensa-esp-elf/bin/xtensa-esp32-elf-gcc -c -DWOLFSSL_USER_SETTINGS -I/Users/q/Documents/2log-dot-vas/wolfssl-5.8.2/../ -fno-math-errno -mlongcalls -nostdlib -nodefaultlibs -nostartfiles -no-pie   -g -ggdb -O0 -Wno-pragmas -Wall  -Werror -Wextra  conftest.c >&5
configure:33870: $? = 0
configure:33882: result: yes
configure:33900: : CFLAGS="$CFLAGS"
configure:33903: $? = 0
configure:33933: checking whether C compiler accepts -Wunknown-pragmas
configure:33953: /Users/q/.rustup/toolchains/esp/xtensa-esp-elf/esp-14.2.0_20240906/xtensa-esp-elf/bin/xtensa-esp32-elf-gcc -c -DWOLFSSL_USER_SETTINGS -I/Users/q/Documents/2log-dot-vas/wolfssl-5.8.2/../ -fno-math-errno -mlongcalls -nostdlib -nodefaultlibs -nostartfiles -no-pie   -g -ggdb -O0 -Wno-pragmas -Wall -Wextra  -Werror -Wunknown-pragmas  conftest.c >&5
configure:33953: $? = 0
configure:33965: result: yes
configure:33983: : CFLAGS="$CFLAGS"
configure:33986: $? = 0
configure:34016: checking whether C compiler accepts -Wthis-test-should-fail
configure:34036: /Users/q/.rustup/toolchains/esp/xtensa-esp-elf/esp-14.2.0_20240906/xtensa-esp-elf/bin/xtensa-esp32-elf-gcc -c -DWOLFSSL_USER_SETTINGS -I/Users/q/Documents/2log-dot-vas/wolfssl-5.8.2/../ -fno-math-errno -mlongcalls -nostdlib -nodefaultlibs -nostartfiles -no-pie   -g -ggdb -O0 -Wno-pragmas -Wall -Wextra -Wunknown-pragmas  -Werror -Wthis-test-should-fail  conftest.c >&5
xtensa-esp-elf-gcc: error: unrecognized command-line option '-Wthis-test-should-fail'
configure:34036: $? = 1
configure: failed program was:
| /* confdefs.h */
| #define PACKAGE_NAME "wolfssl"
| #define PACKAGE_TARNAME "wolfssl"
| #define PACKAGE_VERSION "5.8.2"
| #define PACKAGE_STRING "wolfssl 5.8.2"
| #define PACKAGE_BUGREPORT "https://github.com/wolfssl/wolfssl/issues"
| #define PACKAGE_URL "https://www.wolfssl.com"
| #define HAVE_STDIO_H 1
| #define HAVE_STDLIB_H 1
| #define HAVE_STRING_H 1
| #define HAVE_INTTYPES_H 1
| #define HAVE_STDINT_H 1
| #define HAVE_STRINGS_H 1
| #define HAVE_SYS_STAT_H 1
| #define HAVE_SYS_TYPES_H 1
| #define HAVE_UNISTD_H 1
| #define STDC_HEADERS 1
| #define LT_OBJDIR ".libs/"
| #define HAVE_VISIBILITY 1
| #define SIZEOF_LONG_LONG 8
| #define SIZEOF_LONG 4
| #define SIZEOF_TIME_T 8
| #define HAVE_FCNTL_H 1
| #define HAVE_LIMITS_H 1
| #define HAVE_STDDEF_H 1
| #define HAVE_TIME_H 1
| #define HAVE_SYS_TIME_H 1
| #define HAVE_ERRNO_H 1
| #define HAVE_CTYPE_H 1
| #define HAVE_DECL_GETHOSTBYNAME 0
| #define HAVE_DECL_GETADDRINFO 0
| #define HAVE_DECL_GETTIMEOFDAY 1
| #define HAVE_DECL_GMTIME_R 1
| #define HAVE_DECL_GMTIME_S 0
| #define HAVE_DECL_INET_NTOA 0
| #define HAVE_DECL_MEMSET 1
| #define HAVE_DECL_SOCKET 0
| #define HAVE_DECL_STRFTIME 1
| #define HAVE_DECL_ATEXIT 1
| #define HAVE_DECL_ISASCII 1
| #define HAVE_DECL_GETPID 1
| #define HAVE_UINTPTR_T 1
| #define DEBUG 1
| #define VCS_SYSTEM "none"
| #define VCS_CHECKOUT 0
| /* end confdefs.h.  */
| 
| int
| main (void)
| {
| 
|   ;
|   return 0;
| }
configure:34048: result: no
configure:34104: checking whether C compiler accepts --param=ssp-buffer-size=1
configure:34124: /Users/q/.rustup/toolchains/esp/xtensa-esp-elf/esp-14.2.0_20240906/xtensa-esp-elf/bin/xtensa-esp32-elf-gcc -c -DWOLFSSL_USER_SETTINGS -I/Users/q/Documents/2log-dot-vas/wolfssl-5.8.2/../ -fno-math-errno -mlongcalls -nostdlib -nodefaultlibs -nostartfiles -no-pie   -g -ggdb -O0 -Wno-pragmas -Wall -Wextra -Wunknown-pragmas  -Werror --param=ssp-buffer-size=1  conftest.c >&5
configure:34124: $? = 0
configure:34136: result: yes
configure:34154: : CFLAGS="$CFLAGS"
configure:34157: $? = 0
configure:34190: checking whether C compiler accepts -Waddress
configure:34210: /Users/q/.rustup/toolchains/esp/xtensa-esp-elf/esp-14.2.0_20240906/xtensa-esp-elf/bin/xtensa-esp32-elf-gcc -c -DWOLFSSL_USER_SETTINGS -I/Users/q/Documents/2log-dot-vas/wolfssl-5.8.2/../ -fno-math-errno -mlongcalls -nostdlib -nodefaultlibs -nostartfiles -no-pie   -g -ggdb -O0 -Wno-pragmas -Wall -Wextra -Wunknown-pragmas --param=ssp-buffer-size=1  -Werror -Waddress  conftest.c >&5
configure:34210: $? = 0
configure:34222: result: yes
configure:34240: : CFLAGS="$CFLAGS"
configure:34243: $? = 0
configure:34273: checking whether C compiler accepts -Warray-bounds
configure:34293: /Users/q/.rustup/toolchains/esp/xtensa-esp-elf/esp-14.2.0_20240906/xtensa-esp-elf/bin/xtensa-esp32-elf-gcc -c -DWOLFSSL_USER_SETTINGS -I/Users/q/Documents/2log-dot-vas/wolfssl-5.8.2/../ -fno-math-errno -mlongcalls -nostdlib -nodefaultlibs -nostartfiles -no-pie   -g -ggdb -O0 -Wno-pragmas -Wall -Wextra -Wunknown-pragmas --param=ssp-buffer-size=1 -Waddress  -Werror -Warray-bounds  conftest.c >&5
configure:34293: $? = 0
configure:34305: result: yes
configure:34323: : CFLAGS="$CFLAGS"
configure:34326: $? = 0
configure:34356: checking whether C compiler accepts -Wbad-function-cast
configure:34376: /Users/q/.rustup/toolchains/esp/xtensa-esp-elf/esp-14.2.0_20240906/xtensa-esp-elf/bin/xtensa-esp32-elf-gcc -c -DWOLFSSL_USER_SETTINGS -I/Users/q/Documents/2log-dot-vas/wolfssl-5.8.2/../ -fno-math-errno -mlongcalls -nostdlib -nodefaultlibs -nostartfiles -no-pie   -g -ggdb -O0 -Wno-pragmas -Wall -Wextra -Wunknown-pragmas --param=ssp-buffer-size=1 -Waddress -Warray-bounds  -Werror -Wbad-function-cast  conftest.c >&5
configure:34376: $? = 0
configure:34388: result: yes
configure:34406: : CFLAGS="$CFLAGS"
configure:34409: $? = 0
configure:34439: checking whether C compiler accepts -Wchar-subscripts
configure:34459: /Users/q/.rustup/toolchains/esp/xtensa-esp-elf/esp-14.2.0_20240906/xtensa-esp-elf/bin/xtensa-esp32-elf-gcc -c -DWOLFSSL_USER_SETTINGS -I/Users/q/Documents/2log-dot-vas/wolfssl-5.8.2/../ -fno-math-errno -mlongcalls -nostdlib -nodefaultlibs -nostartfiles -no-pie   -g -ggdb -O0 -Wno-pragmas -Wall -Wextra -Wunknown-pragmas --param=ssp-buffer-size=1 -Waddress -Warray-bounds -Wbad-function-cast  -Werror -Wchar-subscripts  conftest.c >&5
configure:34459: $? = 0
configure:34471: result: yes
configure:34489: : CFLAGS="$CFLAGS"
configure:34492: $? = 0
configure:34522: checking whether C compiler accepts -Wcomment
configure:34542: /Users/q/.rustup/toolchains/esp/xtensa-esp-elf/esp-14.2.0_20240906/xtensa-esp-elf/bin/xtensa-esp32-elf-gcc -c -DWOLFSSL_USER_SETTINGS -I/Users/q/Documents/2log-dot-vas/wolfssl-5.8.2/../ -fno-math-errno -mlongcalls -nostdlib -nodefaultlibs -nostartfiles -no-pie   -g -ggdb -O0 -Wno-pragmas -Wall -Wextra -Wunknown-pragmas --param=ssp-buffer-size=1 -Waddress -Warray-bounds -Wbad-function-cast -Wchar-subscripts  -Werror -Wcomment  conftest.c >&5
configure:34542: $? = 0
configure:34554: result: yes
configure:34572: : CFLAGS="$CFLAGS"
configure:34575: $? = 0
configure:34605: checking whether C compiler accepts -Wfloat-equal
configure:34625: /Users/q/.rustup/toolchains/esp/xtensa-esp-elf/esp-14.2.0_20240906/xtensa-esp-elf/bin/xtensa-esp32-elf-gcc -c -DWOLFSSL_USER_SETTINGS -I/Users/q/Documents/2log-dot-vas/wolfssl-5.8.2/../ -fno-math-errno -mlongcalls -nostdlib -nodefaultlibs -nostartfiles -no-pie   -g -ggdb -O0 -Wno-pragmas -Wall -Wextra -Wunknown-pragmas --param=ssp-buffer-size=1 -Waddress -Warray-bounds -Wbad-function-cast -Wchar-subscripts -Wcomment  -Werror -Wfloat-equal  conftest.c >&5
configure:34625: $? = 0
configure:34637: result: yes
configure:34655: : CFLAGS="$CFLAGS"
configure:34658: $? = 0
configure:34688: checking whether C compiler accepts -Wformat-security
configure:34708: /Users/q/.rustup/toolchains/esp/xtensa-esp-elf/esp-14.2.0_20240906/xtensa-esp-elf/bin/xtensa-esp32-elf-gcc -c -DWOLFSSL_USER_SETTINGS -I/Users/q/Documents/2log-dot-vas/wolfssl-5.8.2/../ -fno-math-errno -mlongcalls -nostdlib -nodefaultlibs -nostartfiles -no-pie   -g -ggdb -O0 -Wno-pragmas -Wall -Wextra -Wunknown-pragmas --param=ssp-buffer-size=1 -Waddress -Warray-bounds -Wbad-function-cast -Wchar-subscripts -Wcomment -Wfloat-equal  -Werror -Wformat-security  conftest.c >&5
configure:34708: $? = 0
configure:34720: result: yes
configure:34738: : CFLAGS="$CFLAGS"
configure:34741: $? = 0
configure:34771: checking whether C compiler accepts -Wformat=2
configure:34791: /Users/q/.rustup/toolchains/esp/xtensa-esp-elf/esp-14.2.0_20240906/xtensa-esp-elf/bin/xtensa-esp32-elf-gcc -c -DWOLFSSL_USER_SETTINGS -I/Users/q/Documents/2log-dot-vas/wolfssl-5.8.2/../ -fno-math-errno -mlongcalls -nostdlib -nodefaultlibs -nostartfiles -no-pie   -g -ggdb -O0 -Wno-pragmas -Wall -Wextra -Wunknown-pragmas --param=ssp-buffer-size=1 -Waddress -Warray-bounds -Wbad-function-cast -Wchar-subscripts -Wcomment -Wfloat-equal -Wformat-security  -Werror -Wformat=2  conftest.c >&5
configure:34791: $? = 0
configure:34803: result: yes
configure:34821: : CFLAGS="$CFLAGS"
configure:34824: $? = 0
configure:34854: checking whether C compiler accepts -Wmaybe-uninitialized
configure:34874: /Users/q/.rustup/toolchains/esp/xtensa-esp-elf/esp-14.2.0_20240906/xtensa-esp-elf/bin/xtensa-esp32-elf-gcc -c -DWOLFSSL_USER_SETTINGS -I/Users/q/Documents/2log-dot-vas/wolfssl-5.8.2/../ -fno-math-errno -mlongcalls -nostdlib -nodefaultlibs -nostartfiles -no-pie   -g -ggdb -O0 -Wno-pragmas -Wall -Wextra -Wunknown-pragmas --param=ssp-buffer-size=1 -Waddress -Warray-bounds -Wbad-function-cast -Wchar-subscripts -Wcomment -Wfloat-equal -Wformat-security -Wformat=2  -Werror -Wmaybe-uninitialized  conftest.c >&5
configure:34874: $? = 0
configure:34886: result: yes
configure:34904: : CFLAGS="$CFLAGS"
configure:34907: $? = 0
configure:34937: checking whether C compiler accepts -Wmissing-field-initializers
configure:34957: /Users/q/.rustup/toolchains/esp/xtensa-esp-elf/esp-14.2.0_20240906/xtensa-esp-elf/bin/xtensa-esp32-elf-gcc -c -DWOLFSSL_USER_SETTINGS -I/Users/q/Documents/2log-dot-vas/wolfssl-5.8.2/../ -fno-math-errno -mlongcalls -nostdlib -nodefaultlibs -nostartfiles -no-pie   -g -ggdb -O0 -Wno-pragmas -Wall -Wextra -Wunknown-pragmas --param=ssp-buffer-size=1 -Waddress -Warray-bounds -Wbad-function-cast -Wchar-subscripts -Wcomment -Wfloat-equal -Wformat-security -Wformat=2 -Wmaybe-uninitialized  -Werror -Wmissing-field-initializers  conftest.c >&5
configure:34957: $? = 0
configure:34969: result: yes
configure:34987: : CFLAGS="$CFLAGS"
configure:34990: $? = 0
configure:35020: checking whether C compiler accepts -Wmissing-noreturn
configure:35040: /Users/q/.rustup/toolchains/esp/xtensa-esp-elf/esp-14.2.0_20240906/xtensa-esp-elf/bin/xtensa-esp32-elf-gcc -c -DWOLFSSL_USER_SETTINGS -I/Users/q/Documents/2log-dot-vas/wolfssl-5.8.2/../ -fno-math-errno -mlongcalls -nostdlib -nodefaultlibs -nostartfiles -no-pie   -g -ggdb -O0 -Wno-pragmas -Wall -Wextra -Wunknown-pragmas --param=ssp-buffer-size=1 -Waddress -Warray-bounds -Wbad-function-cast -Wchar-subscripts -Wcomment -Wfloat-equal -Wformat-security -Wformat=2 -Wmaybe-uninitialized -Wmissing-field-initializers  -Werror -Wmissing-noreturn  conftest.c >&5
configure:35040: $? = 0
configure:35052: result: yes
configure:35070: : CFLAGS="$CFLAGS"
configure:35073: $? = 0
configure:35103: checking whether C compiler accepts -Wmissing-prototypes
configure:35123: /Users/q/.rustup/toolchains/esp/xtensa-esp-elf/esp-14.2.0_20240906/xtensa-esp-elf/bin/xtensa-esp32-elf-gcc -c -DWOLFSSL_USER_SETTINGS -I/Users/q/Documents/2log-dot-vas/wolfssl-5.8.2/../ -fno-math-errno -mlongcalls -nostdlib -nodefaultlibs -nostartfiles -no-pie   -g -ggdb -O0 -Wno-pragmas -Wall -Wextra -Wunknown-pragmas --param=ssp-buffer-size=1 -Waddress -Warray-bounds -Wbad-function-cast -Wchar-subscripts -Wcomment -Wfloat-equal -Wformat-security -Wformat=2 -Wmaybe-uninitialized -Wmissing-field-initializers -Wmissing-noreturn  -Werror -Wmissing-prototypes  conftest.c >&5
configure:35123: $? = 0
configure:35135: result: yes
configure:35153: : CFLAGS="$CFLAGS"
configure:35156: $? = 0
configure:35186: checking whether C compiler accepts -Wnested-externs
configure:35206: /Users/q/.rustup/toolchains/esp/xtensa-esp-elf/esp-14.2.0_20240906/xtensa-esp-elf/bin/xtensa-esp32-elf-gcc -c -DWOLFSSL_USER_SETTINGS -I/Users/q/Documents/2log-dot-vas/wolfssl-5.8.2/../ -fno-math-errno -mlongcalls -nostdlib -nodefaultlibs -nostartfiles -no-pie   -g -ggdb -O0 -Wno-pragmas -Wall -Wextra -Wunknown-pragmas --param=ssp-buffer-size=1 -Waddress -Warray-bounds -Wbad-function-cast -Wchar-subscripts -Wcomment -Wfloat-equal -Wformat-security -Wformat=2 -Wmaybe-uninitialized -Wmissing-field-initializers -Wmissing-noreturn -Wmissing-prototypes  -Werror -Wnested-externs  conftest.c >&5
configure:35206: $? = 0
configure:35218: result: yes
configure:35236: : CFLAGS="$CFLAGS"
configure:35239: $? = 0
configure:35269: checking whether C compiler accepts -Wnormalized=id
configure:35289: /Users/q/.rustup/toolchains/esp/xtensa-esp-elf/esp-14.2.0_20240906/xtensa-esp-elf/bin/xtensa-esp32-elf-gcc -c -DWOLFSSL_USER_SETTINGS -I/Users/q/Documents/2log-dot-vas/wolfssl-5.8.2/../ -fno-math-errno -mlongcalls -nostdlib -nodefaultlibs -nostartfiles -no-pie   -g -ggdb -O0 -Wno-pragmas -Wall -Wextra -Wunknown-pragmas --param=ssp-buffer-size=1 -Waddress -Warray-bounds -Wbad-function-cast -Wchar-subscripts -Wcomment -Wfloat-equal -Wformat-security -Wformat=2 -Wmaybe-uninitialized -Wmissing-field-initializers -Wmissing-noreturn -Wmissing-prototypes -Wnested-externs  -Werror -Wnormalized=id  conftest.c >&5
configure:35289: $? = 0
configure:35301: result: yes
configure:35319: : CFLAGS="$CFLAGS"
configure:35322: $? = 0
configure:35352: checking whether C compiler accepts -Woverride-init
configure:35372: /Users/q/.rustup/toolchains/esp/xtensa-esp-elf/esp-14.2.0_20240906/xtensa-esp-elf/bin/xtensa-esp32-elf-gcc -c -DWOLFSSL_USER_SETTINGS -I/Users/q/Documents/2log-dot-vas/wolfssl-5.8.2/../ -fno-math-errno -mlongcalls -nostdlib -nodefaultlibs -nostartfiles -no-pie   -g -ggdb -O0 -Wno-pragmas -Wall -Wextra -Wunknown-pragmas --param=ssp-buffer-size=1 -Waddress -Warray-bounds -Wbad-function-cast -Wchar-subscripts -Wcomment -Wfloat-equal -Wformat-security -Wformat=2 -Wmaybe-uninitialized -Wmissing-field-initializers -Wmissing-noreturn -Wmissing-prototypes -Wnested-externs -Wnormalized=id  -Werror -Woverride-init  conftest.c >&5
configure:35372: $? = 0
configure:35384: result: yes
configure:35402: : CFLAGS="$CFLAGS"
configure:35405: $? = 0
configure:35435: checking whether C compiler accepts -Wpointer-arith
configure:35455: /Users/q/.rustup/toolchains/esp/xtensa-esp-elf/esp-14.2.0_20240906/xtensa-esp-elf/bin/xtensa-esp32-elf-gcc -c -DWOLFSSL_USER_SETTINGS -I/Users/q/Documents/2log-dot-vas/wolfssl-5.8.2/../ -fno-math-errno -mlongcalls -nostdlib -nodefaultlibs -nostartfiles -no-pie   -g -ggdb -O0 -Wno-pragmas -Wall -Wextra -Wunknown-pragmas --param=ssp-buffer-size=1 -Waddress -Warray-bounds -Wbad-function-cast -Wchar-subscripts -Wcomment -Wfloat-equal -Wformat-security -Wformat=2 -Wmaybe-uninitialized -Wmissing-field-initializers -Wmissing-noreturn -Wmissing-prototypes -Wnested-externs -Wnormalized=id -Woverride-init  -Werror -Wpointer-arith  conftest.c >&5
configure:35455: $? = 0
configure:35467: result: yes
configure:35485: : CFLAGS="$CFLAGS"
configure:35488: $? = 0
configure:35518: checking whether C compiler accepts -Wpointer-sign
configure:35538: /Users/q/.rustup/toolchains/esp/xtensa-esp-elf/esp-14.2.0_20240906/xtensa-esp-elf/bin/xtensa-esp32-elf-gcc -c -DWOLFSSL_USER_SETTINGS -I/Users/q/Documents/2log-dot-vas/wolfssl-5.8.2/../ -fno-math-errno -mlongcalls -nostdlib -nodefaultlibs -nostartfiles -no-pie   -g -ggdb -O0 -Wno-pragmas -Wall -Wextra -Wunknown-pragmas --param=ssp-buffer-size=1 -Waddress -Warray-bounds -Wbad-function-cast -Wchar-subscripts -Wcomment -Wfloat-equal -Wformat-security -Wformat=2 -Wmaybe-uninitialized -Wmissing-field-initializers -Wmissing-noreturn -Wmissing-prototypes -Wnested-externs -Wnormalized=id -Woverride-init -Wpointer-arith  -Werror -Wpointer-sign  conftest.c >&5
configure:35538: $? = 0
configure:35550: result: yes
configure:35568: : CFLAGS="$CFLAGS"
configure:35571: $? = 0
configure:35601: checking whether C compiler accepts -Wshadow
configure:35621: /Users/q/.rustup/toolchains/esp/xtensa-esp-elf/esp-14.2.0_20240906/xtensa-esp-elf/bin/xtensa-esp32-elf-gcc -c -DWOLFSSL_USER_SETTINGS -I/Users/q/Documents/2log-dot-vas/wolfssl-5.8.2/../ -fno-math-errno -mlongcalls -nostdlib -nodefaultlibs -nostartfiles -no-pie   -g -ggdb -O0 -Wno-pragmas -Wall -Wextra -Wunknown-pragmas --param=ssp-buffer-size=1 -Waddress -Warray-bounds -Wbad-function-cast -Wchar-subscripts -Wcomment -Wfloat-equal -Wformat-security -Wformat=2 -Wmaybe-uninitialized -Wmissing-field-initializers -Wmissing-noreturn -Wmissing-prototypes -Wnested-externs -Wnormalized=id -Woverride-init -Wpointer-arith -Wpointer-sign  -Werror -Wshadow  conftest.c >&5
configure:35621: $? = 0
configure:35633: result: yes
configure:35651: : CFLAGS="$CFLAGS"
configure:35654: $? = 0
configure:35684: checking whether C compiler accepts -Wshorten-64-to-32
configure:35704: /Users/q/.rustup/toolchains/esp/xtensa-esp-elf/esp-14.2.0_20240906/xtensa-esp-elf/bin/xtensa-esp32-elf-gcc -c -DWOLFSSL_USER_SETTINGS -I/Users/q/Documents/2log-dot-vas/wolfssl-5.8.2/../ -fno-math-errno -mlongcalls -nostdlib -nodefaultlibs -nostartfiles -no-pie   -g -ggdb -O0 -Wno-pragmas -Wall -Wextra -Wunknown-pragmas --param=ssp-buffer-size=1 -Waddress -Warray-bounds -Wbad-function-cast -Wchar-subscripts -Wcomment -Wfloat-equal -Wformat-security -Wformat=2 -Wmaybe-uninitialized -Wmissing-field-initializers -Wmissing-noreturn -Wmissing-prototypes -Wnested-externs -Wnormalized=id -Woverride-init -Wpointer-arith -Wpointer-sign -Wshadow  -Werror -Wshorten-64-to-32  conftest.c >&5
xtensa-esp-elf-gcc: error: unrecognized command-line option '-Wshorten-64-to-32'
configure:35704: $? = 1
configure: failed program was:
| /* confdefs.h */
| #define PACKAGE_NAME "wolfssl"
| #define PACKAGE_TARNAME "wolfssl"
| #define PACKAGE_VERSION "5.8.2"
| #define PACKAGE_STRING "wolfssl 5.8.2"
| #define PACKAGE_BUGREPORT "https://github.com/wolfssl/wolfssl/issues"
| #define PACKAGE_URL "https://www.wolfssl.com"
| #define HAVE_STDIO_H 1
| #define HAVE_STDLIB_H 1
| #define HAVE_STRING_H 1
| #define HAVE_INTTYPES_H 1
| #define HAVE_STDINT_H 1
| #define HAVE_STRINGS_H 1
| #define HAVE_SYS_STAT_H 1
| #define HAVE_SYS_TYPES_H 1
| #define HAVE_UNISTD_H 1
| #define STDC_HEADERS 1
| #define LT_OBJDIR ".libs/"
| #define HAVE_VISIBILITY 1
| #define SIZEOF_LONG_LONG 8
| #define SIZEOF_LONG 4
| #define SIZEOF_TIME_T 8
| #define HAVE_FCNTL_H 1
| #define HAVE_LIMITS_H 1
| #define HAVE_STDDEF_H 1
| #define HAVE_TIME_H 1
| #define HAVE_SYS_TIME_H 1
| #define HAVE_ERRNO_H 1
| #define HAVE_CTYPE_H 1
| #define HAVE_DECL_GETHOSTBYNAME 0
| #define HAVE_DECL_GETADDRINFO 0
| #define HAVE_DECL_GETTIMEOFDAY 1
| #define HAVE_DECL_GMTIME_R 1
| #define HAVE_DECL_GMTIME_S 0
| #define HAVE_DECL_INET_NTOA 0
| #define HAVE_DECL_MEMSET 1
| #define HAVE_DECL_SOCKET 0
| #define HAVE_DECL_STRFTIME 1
| #define HAVE_DECL_ATEXIT 1
| #define HAVE_DECL_ISASCII 1
| #define HAVE_DECL_GETPID 1
| #define HAVE_UINTPTR_T 1
| #define DEBUG 1
| #define VCS_SYSTEM "none"
| #define VCS_CHECKOUT 0
| /* end confdefs.h.  */
| 
| int
| main (void)
| {
| 
|   ;
|   return 0;
| }
configure:35716: result: no
configure:35767: checking whether C compiler accepts -Wsign-compare
configure:35787: /Users/q/.rustup/toolchains/esp/xtensa-esp-elf/esp-14.2.0_20240906/xtensa-esp-elf/bin/xtensa-esp32-elf-gcc -c -DWOLFSSL_USER_SETTINGS -I/Users/q/Documents/2log-dot-vas/wolfssl-5.8.2/../ -fno-math-errno -mlongcalls -nostdlib -nodefaultlibs -nostartfiles -no-pie   -g -ggdb -O0 -Wno-pragmas -Wall -Wextra -Wunknown-pragmas --param=ssp-buffer-size=1 -Waddress -Warray-bounds -Wbad-function-cast -Wchar-subscripts -Wcomment -Wfloat-equal -Wformat-security -Wformat=2 -Wmaybe-uninitialized -Wmissing-field-initializers -Wmissing-noreturn -Wmissing-prototypes -Wnested-externs -Wnormalized=id -Woverride-init -Wpointer-arith -Wpointer-sign -Wshadow  -Werror -Wsign-compare  conftest.c >&5
configure:35787: $? = 0
configure:35799: result: yes
configure:35817: : CFLAGS="$CFLAGS"
configure:35820: $? = 0
configure:35850: checking whether C compiler accepts -Wstrict-overflow=1
configure:35870: /Users/q/.rustup/toolchains/esp/xtensa-esp-elf/esp-14.2.0_20240906/xtensa-esp-elf/bin/xtensa-esp32-elf-gcc -c -DWOLFSSL_USER_SETTINGS -I/Users/q/Documents/2log-dot-vas/wolfssl-5.8.2/../ -fno-math-errno -mlongcalls -nostdlib -nodefaultlibs -nostartfiles -no-pie   -g -ggdb -O0 -Wno-pragmas -Wall -Wextra -Wunknown-pragmas --param=ssp-buffer-size=1 -Waddress -Warray-bounds -Wbad-function-cast -Wchar-subscripts -Wcomment -Wfloat-equal -Wformat-security -Wformat=2 -Wmaybe-uninitialized -Wmissing-field-initializers -Wmissing-noreturn -Wmissing-prototypes -Wnested-externs -Wnormalized=id -Woverride-init -Wpointer-arith -Wpointer-sign -Wshadow -Wsign-compare  -Werror -Wstrict-overflow=1  conftest.c >&5
configure:35870: $? = 0
configure:35882: result: yes
configure:35900: : CFLAGS="$CFLAGS"
configure:35903: $? = 0
configure:35933: checking whether C compiler accepts -Wstrict-prototypes
configure:35953: /Users/q/.rustup/toolchains/esp/xtensa-esp-elf/esp-14.2.0_20240906/xtensa-esp-elf/bin/xtensa-esp32-elf-gcc -c -DWOLFSSL_USER_SETTINGS -I/Users/q/Documents/2log-dot-vas/wolfssl-5.8.2/../ -fno-math-errno -mlongcalls -nostdlib -nodefaultlibs -nostartfiles -no-pie   -g -ggdb -O0 -Wno-pragmas -Wall -Wextra -Wunknown-pragmas --param=ssp-buffer-size=1 -Waddress -Warray-bounds -Wbad-function-cast -Wchar-subscripts -Wcomment -Wfloat-equal -Wformat-security -Wformat=2 -Wmaybe-uninitialized -Wmissing-field-initializers -Wmissing-noreturn -Wmissing-prototypes -Wnested-externs -Wnormalized=id -Woverride-init -Wpointer-arith -Wpointer-sign -Wshadow -Wsign-compare -Wstrict-overflow=1  -Werror -Wstrict-prototypes  conftest.c >&5
configure:35953: $? = 0
configure:35965: result: yes
configure:35983: : CFLAGS="$CFLAGS"
configure:35986: $? = 0
configure:36016: checking whether C compiler accepts -Wswitch-enum
configure:36036: /Users/q/.rustup/toolchains/esp/xtensa-esp-elf/esp-14.2.0_20240906/xtensa-esp-elf/bin/xtensa-esp32-elf-gcc -c -DWOLFSSL_USER_SETTINGS -I/Users/q/Documents/2log-dot-vas/wolfssl-5.8.2/../ -fno-math-errno -mlongcalls -nostdlib -nodefaultlibs -nostartfiles -no-pie   -g -ggdb -O0 -Wno-pragmas -Wall -Wextra -Wunknown-pragmas --param=ssp-buffer-size=1 -Waddress -Warray-bounds -Wbad-function-cast -Wchar-subscripts -Wcomment -Wfloat-equal -Wformat-security -Wformat=2 -Wmaybe-uninitialized -Wmissing-field-initializers -Wmissing-noreturn -Wmissing-prototypes -Wnested-externs -Wnormalized=id -Woverride-init -Wpointer-arith -Wpointer-sign -Wshadow -Wsign-compare -Wstrict-overflow=1 -Wstrict-prototypes  -Werror -Wswitch-enum  conftest.c >&5
configure:36036: $? = 0
configure:36048: result: yes
configure:36066: : CFLAGS="$CFLAGS"
configure:36069: $? = 0
configure:36099: checking whether C compiler accepts -Wundef
configure:36119: /Users/q/.rustup/toolchains/esp/xtensa-esp-elf/esp-14.2.0_20240906/xtensa-esp-elf/bin/xtensa-esp32-elf-gcc -c -DWOLFSSL_USER_SETTINGS -I/Users/q/Documents/2log-dot-vas/wolfssl-5.8.2/../ -fno-math-errno -mlongcalls -nostdlib -nodefaultlibs -nostartfiles -no-pie   -g -ggdb -O0 -Wno-pragmas -Wall -Wextra -Wunknown-pragmas --param=ssp-buffer-size=1 -Waddress -Warray-bounds -Wbad-function-cast -Wchar-subscripts -Wcomment -Wfloat-equal -Wformat-security -Wformat=2 -Wmaybe-uninitialized -Wmissing-field-initializers -Wmissing-noreturn -Wmissing-prototypes -Wnested-externs -Wnormalized=id -Woverride-init -Wpointer-arith -Wpointer-sign -Wshadow -Wsign-compare -Wstrict-overflow=1 -Wstrict-prototypes -Wswitch-enum  -Werror -Wundef  conftest.c >&5
configure:36119: $? = 0
configure:36131: result: yes
configure:36149: : CFLAGS="$CFLAGS"
configure:36152: $? = 0
configure:36182: checking whether C compiler accepts -Wunused
configure:36202: /Users/q/.rustup/toolchains/esp/xtensa-esp-elf/esp-14.2.0_20240906/xtensa-esp-elf/bin/xtensa-esp32-elf-gcc -c -DWOLFSSL_USER_SETTINGS -I/Users/q/Documents/2log-dot-vas/wolfssl-5.8.2/../ -fno-math-errno -mlongcalls -nostdlib -nodefaultlibs -nostartfiles -no-pie   -g -ggdb -O0 -Wno-pragmas -Wall -Wextra -Wunknown-pragmas --param=ssp-buffer-size=1 -Waddress -Warray-bounds -Wbad-function-cast -Wchar-subscripts -Wcomment -Wfloat-equal -Wformat-security -Wformat=2 -Wmaybe-uninitialized -Wmissing-field-initializers -Wmissing-noreturn -Wmissing-prototypes -Wnested-externs -Wnormalized=id -Woverride-init -Wpointer-arith -Wpointer-sign -Wshadow -Wsign-compare -Wstrict-overflow=1 -Wstrict-prototypes -Wswitch-enum -Wundef  -Werror -Wunused  conftest.c >&5
configure:36202: $? = 0
configure:36214: result: yes
configure:36232: : CFLAGS="$CFLAGS"
configure:36235: $? = 0
configure:36265: checking whether C compiler accepts -Wunused-result
configure:36285: /Users/q/.rustup/toolchains/esp/xtensa-esp-elf/esp-14.2.0_20240906/xtensa-esp-elf/bin/xtensa-esp32-elf-gcc -c -DWOLFSSL_USER_SETTINGS -I/Users/q/Documents/2log-dot-vas/wolfssl-5.8.2/../ -fno-math-errno -mlongcalls -nostdlib -nodefaultlibs -nostartfiles -no-pie   -g -ggdb -O0 -Wno-pragmas -Wall -Wextra -Wunknown-pragmas --param=ssp-buffer-size=1 -Waddress -Warray-bounds -Wbad-function-cast -Wchar-subscripts -Wcomment -Wfloat-equal -Wformat-security -Wformat=2 -Wmaybe-uninitialized -Wmissing-field-initializers -Wmissing-noreturn -Wmissing-prototypes -Wnested-externs -Wnormalized=id -Woverride-init -Wpointer-arith -Wpointer-sign -Wshadow -Wsign-compare -Wstrict-overflow=1 -Wstrict-prototypes -Wswitch-enum -Wundef -Wunused  -Werror -Wunused-result  conftest.c >&5
configure:36285: $? = 0
configure:36297: result: yes
configure:36315: : CFLAGS="$CFLAGS"
configure:36318: $? = 0
configure:36348: checking whether C compiler accepts -Wunused-variable
configure:36368: /Users/q/.rustup/toolchains/esp/xtensa-esp-elf/esp-14.2.0_20240906/xtensa-esp-elf/bin/xtensa-esp32-elf-gcc -c -DWOLFSSL_USER_SETTINGS -I/Users/q/Documents/2log-dot-vas/wolfssl-5.8.2/../ -fno-math-errno -mlongcalls -nostdlib -nodefaultlibs -nostartfiles -no-pie   -g -ggdb -O0 -Wno-pragmas -Wall -Wextra -Wunknown-pragmas --param=ssp-buffer-size=1 -Waddress -Warray-bounds -Wbad-function-cast -Wchar-subscripts -Wcomment -Wfloat-equal -Wformat-security -Wformat=2 -Wmaybe-uninitialized -Wmissing-field-initializers -Wmissing-noreturn -Wmissing-prototypes -Wnested-externs -Wnormalized=id -Woverride-init -Wpointer-arith -Wpointer-sign -Wshadow -Wsign-compare -Wstrict-overflow=1 -Wstrict-prototypes -Wswitch-enum -Wundef -Wunused -Wunused-result  -Werror -Wunused-variable  conftest.c >&5
configure:36368: $? = 0
configure:36380: result: yes
configure:36398: : CFLAGS="$CFLAGS"
configure:36401: $? = 0
configure:36431: checking whether C compiler accepts -Wwrite-strings
configure:36451: /Users/q/.rustup/toolchains/esp/xtensa-esp-elf/esp-14.2.0_20240906/xtensa-esp-elf/bin/xtensa-esp32-elf-gcc -c -DWOLFSSL_USER_SETTINGS -I/Users/q/Documents/2log-dot-vas/wolfssl-5.8.2/../ -fno-math-errno -mlongcalls -nostdlib -nodefaultlibs -nostartfiles -no-pie   -g -ggdb -O0 -Wno-pragmas -Wall -Wextra -Wunknown-pragmas --param=ssp-buffer-size=1 -Waddress -Warray-bounds -Wbad-function-cast -Wchar-subscripts -Wcomment -Wfloat-equal -Wformat-security -Wformat=2 -Wmaybe-uninitialized -Wmissing-field-initializers -Wmissing-noreturn -Wmissing-prototypes -Wnested-externs -Wnormalized=id -Woverride-init -Wpointer-arith -Wpointer-sign -Wshadow -Wsign-compare -Wstrict-overflow=1 -Wstrict-prototypes -Wswitch-enum -Wundef -Wunused -Wunused-result -Wunused-variable  -Werror -Wwrite-strings  conftest.c >&5
configure:36451: $? = 0
configure:36463: result: yes
configure:36481: : CFLAGS="$CFLAGS"
configure:36484: $? = 0
configure:36514: checking whether C compiler accepts -fwrapv
configure:36534: /Users/q/.rustup/toolchains/esp/xtensa-esp-elf/esp-14.2.0_20240906/xtensa-esp-elf/bin/xtensa-esp32-elf-gcc -c -DWOLFSSL_USER_SETTINGS -I/Users/q/Documents/2log-dot-vas/wolfssl-5.8.2/../ -fno-math-errno -mlongcalls -nostdlib -nodefaultlibs -nostartfiles -no-pie   -g -ggdb -O0 -Wno-pragmas -Wall -Wextra -Wunknown-pragmas --param=ssp-buffer-size=1 -Waddress -Warray-bounds -Wbad-function-cast -Wchar-subscripts -Wcomment -Wfloat-equal -Wformat-security -Wformat=2 -Wmaybe-uninitialized -Wmissing-field-initializers -Wmissing-noreturn -Wmissing-prototypes -Wnested-externs -Wnormalized=id -Woverride-init -Wpointer-arith -Wpointer-sign -Wshadow -Wsign-compare -Wstrict-overflow=1 -Wstrict-prototypes -Wswitch-enum -Wundef -Wunused -Wunused-result -Wunused-variable -Wwrite-strings  -Werror -fwrapv  conftest.c >&5
configure:36534: $? = 0
configure:36546: result: yes
configure:36564: : CFLAGS="$CFLAGS"
configure:36567: $? = 0
configure:40808: result: creating wolfssl-config - generic 5.8.2 for -lwolfssl
configure:40933: checking the number of available CPUs
configure:41027: result: 12
configure:41045: adding automake macro support
configure:41049: creating aminclude.am
configure:41082: added jobserver support to make for 13 jobs
configure:41231: checking that generated files are newer than configure
configure:41237: result: done
configure:41977: creating ./config.status

## ---------------------- ##
## Running config.status. ##
## ---------------------- ##

This file was extended by wolfssl config.status 5.8.2, which was
generated by GNU Autoconf 2.72.  Invocation command line was

  CONFIG_FILES    = 
  CONFIG_HEADERS  = 
  CONFIG_LINKS    = 
  CONFIG_COMMANDS = 
  $ ./config.status 

on mbk-24-0135.mpi-inf.mpg.de

config.status:1561: creating stamp-h
config.status:1561: creating Makefile
config.status:1561: creating wolfssl/version.h
config.status:1561: creating wolfssl/options.h
config.status:1561: creating support/wolfssl.pc
config.status:1561: creating debian/control
config.status:1561: creating debian/changelog
config.status:1561: creating rpm/spec
config.status:1561: creating wolfcrypt/test/test_paths.h
config.status:1561: creating scripts/unit.test
config.status:1561: creating config.h
config.status:1790: executing depfiles commands
config.status:1867: cd .       && sed -e '/# am--include-marker/d' Makefile         | make -f - am--depfiles
make: Nothing to be done for `am--depfiles'.
config.status:1872: $? = 0
config.status:1790: executing libtool commands
config.status:1790: executing wolfssl/wolfcrypt/async.h commands
config.status:1790: executing wolfssl/wolfcrypt/fips.h commands
config.status:1790: executing wolfssl/wolfcrypt/port/cavium/cavium_nitrox.h commands
config.status:1790: executing wolfssl/wolfcrypt/port/intel/quickassist.h commands
config.status:1790: executing wolfssl/wolfcrypt/port/intel/quickassist_mem.h commands
configure:44161: ---
configure:44163: Running make clean...
configure:44188: ---
configure:44190: Generating user options header...

## ---------------- ##
## Cache variables. ##
## ---------------- ##

ac_cv_build=aarch64-apple-darwin25.0.0
ac_cv_c___atomic=no
ac_cv_c_bigendian=no
ac_cv_c_compiler_gnu=yes
ac_cv_c_uint8_t=yes
ac_cv_c_undeclared_builtin_options='none needed'
ac_cv_env_CCASFLAGS_set=
ac_cv_env_CCASFLAGS_value=
ac_cv_env_CCAS_set=
ac_cv_env_CCAS_value=
ac_cv_env_CC_set=set
ac_cv_env_CC_value=/Users/q/.rustup/toolchains/esp/xtensa-esp-elf/esp-14.2.0_20240906/xtensa-esp-elf/bin/xtensa-esp32-elf-gcc
ac_cv_env_CFLAGS_set=set
ac_cv_env_CFLAGS_value='-DWOLFSSL_USER_SETTINGS -I/Users/q/Documents/2log-dot-vas/wolfssl-5.8.2/../ -fno-math-errno -mlongcalls -nostdlib -nodefaultlibs -nostartfiles -no-pie'
ac_cv_env_CPPFLAGS_set=
ac_cv_env_CPPFLAGS_value=
ac_cv_env_CPP_set=
ac_cv_env_CPP_value=
ac_cv_env_EXTRA_CCASFLAGS_set=
ac_cv_env_EXTRA_CCASFLAGS_value=
ac_cv_env_EXTRA_CFLAGS_set=
ac_cv_env_EXTRA_CFLAGS_value=
ac_cv_env_EXTRA_CPPFLAGS_set=
ac_cv_env_EXTRA_CPPFLAGS_value=
ac_cv_env_EXTRA_LDFLAGS_set=
ac_cv_env_EXTRA_LDFLAGS_value=
ac_cv_env_LDFLAGS_set=
ac_cv_env_LDFLAGS_value=
ac_cv_env_LIBS_set=
ac_cv_env_LIBS_value=
ac_cv_env_LT_SYS_LIBRARY_PATH_set=
ac_cv_env_LT_SYS_LIBRARY_PATH_value=
ac_cv_env_build_alias_set=
ac_cv_env_build_alias_value=
ac_cv_env_host_alias_set=set
ac_cv_env_host_alias_value=xtensa-esp32-elf
ac_cv_env_target_alias_set=
ac_cv_env_target_alias_value=
ac_cv_func_atexit=no
ac_cv_func_getaddrinfo=no
ac_cv_func_gethostbyname=no
ac_cv_func_getpid=no
ac_cv_func_getrandom=no
ac_cv_func_gettimeofday=no
ac_cv_func_gmtime_r=no
ac_cv_func_gmtime_s=no
ac_cv_func_inet_ntoa=no
ac_cv_func_isascii=no
ac_cv_func_memset=no
ac_cv_func_socket=no
ac_cv_func_strftime=no
ac_cv_have_decl_atexit=yes
ac_cv_have_decl_getaddrinfo=no
ac_cv_have_decl_gethostbyname=no
ac_cv_have_decl_getpid=yes
ac_cv_have_decl_gettimeofday=yes
ac_cv_have_decl_gmtime_r=yes
ac_cv_have_decl_gmtime_s=no
ac_cv_have_decl_inet_ntoa=no
ac_cv_have_decl_isascii=yes
ac_cv_have_decl_memset=yes
ac_cv_have_decl_socket=no
ac_cv_have_decl_strftime=yes
ac_cv_header_arpa_inet_h=no
ac_cv_header_assert_h=yes
ac_cv_header_ctype_h=yes
ac_cv_header_dlfcn_h=no
ac_cv_header_errno_h=yes
ac_cv_header_fcntl_h=yes
ac_cv_header_inttypes_h=yes
ac_cv_header_limits_h=yes
ac_cv_header_netdb_h=no
ac_cv_header_netinet_in_h=no
ac_cv_header_stdatomic_h=yes
ac_cv_header_stddef_h=yes
ac_cv_header_stdint_h=yes
ac_cv_header_stdio_h=yes
ac_cv_header_stdlib_h=yes
ac_cv_header_string_h=yes
ac_cv_header_strings_h=yes
ac_cv_header_sys_ioctl_h=no
ac_cv_header_sys_socket_h=no
ac_cv_header_sys_stat_h=yes
ac_cv_header_sys_time_h=yes
ac_cv_header_sys_types_h=yes
ac_cv_header_sys_un_h=no
ac_cv_header_time_h=yes
ac_cv_header_unistd_h=yes
ac_cv_host=xtensa-esp32-elf
ac_cv_lib_m_cos=no
ac_cv_lib_network_socket=no
ac_cv_lib_socket_socket=no
ac_cv_objext=o
ac_cv_path_EGREP='/opt/homebrew/opt/grep/libexec/gnubin/grep -E'
ac_cv_path_EGREP_TRADITIONAL='/opt/homebrew/opt/grep/libexec/gnubin/grep -E'
ac_cv_path_FGREP='/opt/homebrew/opt/grep/libexec/gnubin/grep -F'
ac_cv_path_GREP=/opt/homebrew/opt/grep/libexec/gnubin/grep
ac_cv_path_SED=/usr/bin/sed
ac_cv_path_install='/opt/homebrew/bin/ginstall -c'
ac_cv_path_lt_DD=/bin/dd
ac_cv_path_mkdir=/opt/homebrew/bin/gmkdir
ac_cv_prog_AR=/Users/q/.rustup/toolchains/esp/xtensa-esp-elf/esp-14.2.0_20240906/xtensa-esp-elf/bin/xtensa-esp32-elf-ar
ac_cv_prog_AWK=awk
ac_cv_prog_CC=/Users/q/.rustup/toolchains/esp/xtensa-esp-elf/esp-14.2.0_20240906/xtensa-esp-elf/bin/xtensa-esp32-elf-gcc
ac_cv_prog_CPP='/Users/q/.rustup/toolchains/esp/xtensa-esp-elf/esp-14.2.0_20240906/xtensa-esp-elf/bin/xtensa-esp32-elf-gcc -E'
ac_cv_prog_FILECMD=file
ac_cv_prog_OBJDUMP=xtensa-esp32-elf-objdump
ac_cv_prog_RANLIB=xtensa-esp32-elf-ranlib
ac_cv_prog_STRIP=xtensa-esp32-elf-strip
ac_cv_prog_cc_c11=
ac_cv_prog_cc_g=yes
ac_cv_prog_cc_stdc=
ac_cv_prog_make_make_set=yes
ac_cv_search_clock_gettime=no
ac_cv_search_gethostbyname=no
ac_cv_search_socket=no
ac_cv_sizeof_long=4
ac_cv_sizeof_long_long=8
ac_cv_sizeof_time_t=8
ac_cv_target=xtensa-esp32-elf
ac_cv_type___uint128_t=no
ac_cv_type_size_t=yes
ac_cv_type_uintptr_t=yes
ac_cv_vcs_checkout=no
ac_cv_vcs_system=none
ac_cv_warnings_as_errors=no
am_cv_CCAS_dependencies_compiler_type=gcc3
am_cv_CC_dependencies_compiler_type=gcc3
am_cv_filesystem_timestamp_resolution=2
am_cv_make_support_nested_variables=yes
am_cv_prog_cc_c_o=yes
am_cv_prog_tar_ustar=gnutar
am_cv_sleep_fractional_seconds=yes
am_cv_xargs_n_works=yes
ax_cv_check_cflags__O0=yes
ax_cv_check_cflags__Waddress=yes
ax_cv_check_cflags__Wall=yes
ax_cv_check_cflags__Warray_bounds=yes
ax_cv_check_cflags__Wbad_function_cast=yes
ax_cv_check_cflags__Wchar_subscripts=yes
ax_cv_check_cflags__Wcomment=yes
ax_cv_check_cflags__Wextra=yes
ax_cv_check_cflags__Wfloat_equal=yes
ax_cv_check_cflags__Wformat_2=yes
ax_cv_check_cflags__Wformat_security=yes
ax_cv_check_cflags__Wmaybe_uninitialized=yes
ax_cv_check_cflags__Wmissing_field_initializers=yes
ax_cv_check_cflags__Wmissing_noreturn=yes
ax_cv_check_cflags__Wmissing_prototypes=yes
ax_cv_check_cflags__Wnested_externs=yes
ax_cv_check_cflags__Wno_pragmas=yes
ax_cv_check_cflags__Wnormalized_id=yes
ax_cv_check_cflags__Woverride_init=yes
ax_cv_check_cflags__Wpointer_arith=yes
ax_cv_check_cflags__Wpointer_sign=yes
ax_cv_check_cflags__Wshadow=yes
ax_cv_check_cflags__Wshorten_64_to_32=no
ax_cv_check_cflags__Wsign_compare=yes
ax_cv_check_cflags__Wstrict_overflow_1=yes
ax_cv_check_cflags__Wstrict_prototypes=yes
ax_cv_check_cflags__Wswitch_enum=yes
ax_cv_check_cflags__Wthis_test_should_fail=no
ax_cv_check_cflags__Wundef=yes
ax_cv_check_cflags__Wunknown_pragmas=yes
ax_cv_check_cflags__Wunused=yes
ax_cv_check_cflags__Wunused_result=yes
ax_cv_check_cflags__Wunused_variable=yes
ax_cv_check_cflags__Wwrite_strings=yes
ax_cv_check_cflags___Werror=yes
ax_cv_check_cflags___g=yes
ax_cv_check_cflags___param_ssp_buffer_size_1=yes
ax_cv_check_cflags__fwrapv=yes
ax_cv_check_cflags__ggdb=yes
ax_cv_check_ldflags___Werror=yes
ax_cv_check_ldflags__pie=yes
ax_cv_check_ldflags__z_relro__z_now=yes
gl_cv_cc_vis_werror=yes
gl_cv_cc_visibility=yes
lt_cv_ar_at_file=@
lt_cv_deplibs_check_method=unknown
lt_cv_file_magic_cmd='$MAGIC_CMD'
lt_cv_file_magic_test_file=
lt_cv_ld_reload_flag=-r
lt_cv_nm_interface='BSD nm'
lt_cv_objdir=.libs
lt_cv_path_LD=/Users/q/.rustup/toolchains/esp/xtensa-esp-elf/esp-14.2.0_20240906/xtensa-esp-elf/xtensa-esp-elf/bin/ld
lt_cv_path_NM='/Users/q/.rustup/toolchains/esp/xtensa-esp-elf/esp-14.2.0_20240906/xtensa-esp-elf/bin/xtensa-esp32-elf-nm -B'
lt_cv_path_manifest_tool=no
lt_cv_prog_compiler_c_o=yes
lt_cv_prog_compiler_pic='-fPIC -DPIC'
lt_cv_prog_compiler_pic_works=yes
lt_cv_prog_compiler_rtti_exceptions=no
lt_cv_prog_compiler_static_works=yes
lt_cv_prog_gnu_ld=yes
lt_cv_sharedlib_from_linklib_cmd='printf %s\n'
lt_cv_sys_global_symbol_pipe='/usr/bin/sed -n -e '\''s/^.*[	 ]\([ABCDGIRSTW][ABCDGIRSTW]*\)[	 ][	 ]*\([_A-Za-z][_A-Za-z0-9]*\)$/\1 \2 \2/p'\'' | /usr/bin/sed '\''/ __gnu_lto/d'\'''
lt_cv_sys_global_symbol_to_c_name_address='/usr/bin/sed -n -e '\''s/^: \(.*\) .*$/  {"\1", (void *) 0},/p'\'' -e '\''s/^[ABCDGIRSTW][ABCDGIRSTW]* .* \(.*\)$/  {"\1", (void *) \&\1},/p'\'''
lt_cv_sys_global_symbol_to_c_name_address_lib_prefix='/usr/bin/sed -n -e '\''s/^: \(.*\) .*$/  {"\1", (void *) 0},/p'\'' -e '\''s/^[ABCDGIRSTW][ABCDGIRSTW]* .* \(lib.*\)$/  {"\1", (void *) \&\1},/p'\'' -e '\''s/^[ABCDGIRSTW][ABCDGIRSTW]* .* \(.*\)$/  {"lib\1", (void *) \&\1},/p'\'''
lt_cv_sys_global_symbol_to_cdecl='/usr/bin/sed -n -e '\''s/^T .* \(.*\)$/extern int \1();/p'\'' -e '\''s/^[ABCDGIRSTW][ABCDGIRSTW]* .* \(.*\)$/extern char \1;/p'\'''
lt_cv_sys_global_symbol_to_import=
lt_cv_sys_max_cmd_len=786432
lt_cv_to_host_file_cmd=func_convert_file_noop
lt_cv_to_tool_file_cmd=func_convert_file_noop
lt_cv_truncate_bin='/bin/dd bs=4096 count=1'

## ----------------- ##
## Output variables. ##
## ----------------- ##

ACLOCAL='${SHELL} '\''/Users/q/Documents/2log-dot-vas/wolfssl-5.8.2/build-aux/missing'\'' aclocal-1.17'
AMDEPBACKSLASH='\'
AMDEP_FALSE='#'
AMDEP_TRUE=''
AMINCLUDE='aminclude.am'
AMTAR='$${TAR-tar}'
AM_BACKSLASH='\'
AM_CCASFLAGS='-g -DDEBUG -DDEBUG_WOLFSSL  -DWOLFSSL_PPC32_ASM '
AM_CFLAGS=' -fvisibility=hidden -g -DDEBUG -DDEBUG_WOLFSSL -DNO_DO178 -DWOLFSSL_ASN_TEMPLATE -DSINGLE_THREADED -DWOLFSSL_DTLS -DTFM_TIMING_RESISTANT -DECC_TIMING_RESISTANT -DWC_RSA_BLINDING -DWOLFSSL_ARMASM_NO_HW_CRYPTO -DWOLFSSL_USE_ALIGN -DWOLFSSL_SHA512 -DWOLFSSL_SHA384 -DHAVE_HKDF -DNO_DSA -DHAVE_ECC -DECC_SHAMIR -DECC_MIN_KEY_SZ=224 -DNO_OLD_TLS -DWOLFSSL_NO_TLS12 -DNO_OLD_TLS -DNO_RSA -DWOLFSSL_SEND_HRR_COOKIE -DWOLFSSL_DTLS13 -DWOLFSSL_W64_WRAPPER -DWOLFSSL_AES_DIRECT -DWOLFSSL_DTLS_CID -DWOLFSSL_NO_SHAKE128 -DWOLFSSL_NO_SHAKE256 -DHAVE_POLY1305 -DHAVE_CHACHA -DHAVE_HASHDRBG -DNO_FILESYSTEM -DHAVE_TLS_EXTENSIONS -DHAVE_SUPPORTED_CURVES -DHAVE_FFDHE_2048 -DHAVE_SUPPORTED_CURVES -DWOLFSSL_TLS13 -DHAVE_TLS_EXTENSIONS -DHAVE_EXTENDED_MASTER -DNO_SESSION_CACHE -DNO_RC4 -DHAVE_ENCRYPT_THEN_MAC -DNO_PSK -DNO_MD4 -DNO_PKCS12 -DNO_PWDBASED -DNO_CRYPT_TEST -DNO_PKCS8 -DWOLFSSL_SP_MATH_ALL -DWOLF_CRYPTO_CB -DWC_NO_ASYNC_THREADING -DNO_OLD_RNGNAME -DNO_OLD_WC_NAMES -DNO_OLD_SSL_NAMES -DNO_OLD_SHA_NAMES -DNO_OLD_MD5_NAME -DHAVE_DH_DEFAULT_PARAMS -DNO_MD5 -DNO_OLD_TLS -DNO_DES3 -DNO_DES3_TLS_SUITES -DGCM_TABLE_4BIT -DHAVE_AESGCM -Wall -Wno-unused -DWOLFSSL_TEST_STATIC_BUILD -DHAVE_WC_INTROSPECTION -include ./.build_params '
AM_CPPFLAGS=' -DWOLFSSL_HAVE_ATOMIC_H -DWOLFSSL_HAVE_ASSERT_H '
AM_DEFAULT_V='$(AM_DEFAULT_VERBOSITY)'
AM_DEFAULT_VERBOSITY='0'
AM_LDFLAGS=' '
AM_V='$(V)'
AR='/Users/q/.rustup/toolchains/esp/xtensa-esp-elf/esp-14.2.0_20240906/xtensa-esp-elf/bin/xtensa-esp32-elf-ar'
AS='as'
ASFLAGS_FPUSIMD_DISABLE=''
ASFLAGS_FPUSIMD_ENABLE=''
ASFLAGS_FPU_DISABLE_SIMD_ENABLE=''
ASFLAGS_FPU_ENABLE_SIMD_DISABLE=''
AUTOCONF='${SHELL} '\''/Users/q/Documents/2log-dot-vas/wolfssl-5.8.2/build-aux/missing'\'' autoconf'
AUTOHEADER='${SHELL} '\''/Users/q/Documents/2log-dot-vas/wolfssl-5.8.2/build-aux/missing'\'' autoheader'
AUTOMAKE='${SHELL} '\''/Users/q/Documents/2log-dot-vas/wolfssl-5.8.2/build-aux/missing'\'' automake-1.17'
AWK='awk'
BUILD_AESCCM_FALSE=''
BUILD_AESCCM_TRUE='#'
BUILD_AESGCM_FALSE='#'
BUILD_AESGCM_TRUE=''
BUILD_AESNI_FALSE=''
BUILD_AESNI_TRUE='#'
BUILD_AESXTS_FALSE=''
BUILD_AESXTS_TRUE='#'
BUILD_AES_FALSE='#'
BUILD_AES_TRUE=''
BUILD_AFALG_FALSE=''
BUILD_AFALG_TRUE='#'
BUILD_ALL_FALSE=''
BUILD_ALL_TRUE='#'
BUILD_ARIA_FALSE=''
BUILD_ARIA_TRUE='#'
BUILD_ARMASM_CRYPTO_FALSE=''
BUILD_ARMASM_CRYPTO_TRUE='#'
BUILD_ARMASM_FALSE=''
BUILD_ARMASM_INLINE_FALSE=''
BUILD_ARMASM_INLINE_TRUE='#'
BUILD_ARMASM_NEON_FALSE=''
BUILD_ARMASM_NEON_TRUE='#'
BUILD_ARMASM_TRUE='#'
BUILD_ARM_32_FALSE=''
BUILD_ARM_32_TRUE='#'
BUILD_ARM_64_FALSE=''
BUILD_ARM_64_TRUE='#'
BUILD_ARM_NONTHUMB_FALSE='#'
BUILD_ARM_NONTHUMB_TRUE=''
BUILD_ARM_THUMB_FALSE=''
BUILD_ARM_THUMB_TRUE='#'
BUILD_ASCON_FALSE=''
BUILD_ASCON_TRUE='#'
BUILD_ASN_FALSE='#'
BUILD_ASN_TRUE=''
BUILD_ASYNCCRYPT_FALSE=''
BUILD_ASYNCCRYPT_TRUE='#'
BUILD_AUTOSAR_FALSE=''
BUILD_AUTOSAR_TRUE='#'
BUILD_BENCHMARK_FALSE='#'
BUILD_BENCHMARK_TRUE=''
BUILD_BLAKE2S_FALSE=''
BUILD_BLAKE2S_TRUE='#'
BUILD_BLAKE2_FALSE=''
BUILD_BLAKE2_TRUE='#'
BUILD_CAAM_FALSE=''
BUILD_CAAM_TRUE='#'
BUILD_CAMELLIA_FALSE=''
BUILD_CAMELLIA_TRUE='#'
BUILD_CAVIUM_FALSE=''
BUILD_CAVIUM_TRUE='#'
BUILD_CAVIUM_V_FALSE=''
BUILD_CAVIUM_V_TRUE='#'
BUILD_CHACHA_FALSE='#'
BUILD_CHACHA_NOASM_FALSE=''
BUILD_CHACHA_NOASM_TRUE='#'
BUILD_CHACHA_TRUE=''
BUILD_CMAC_FALSE=''
BUILD_CMAC_TRUE='#'
BUILD_CODING_FALSE='#'
BUILD_CODING_TRUE=''
BUILD_CRL_FALSE=''
BUILD_CRL_MONITOR_FALSE=''
BUILD_CRL_MONITOR_TRUE='#'
BUILD_CRL_TRUE='#'
BUILD_CRYPTOAUTHLIB_FALSE=''
BUILD_CRYPTOAUTHLIB_TRUE='#'
BUILD_CRYPTOCB_FALSE='#'
BUILD_CRYPTOCB_TRUE=''
BUILD_CRYPTONLY_FALSE=''
BUILD_CRYPTONLY_TRUE='#'
BUILD_CUDA_FALSE=''
BUILD_CUDA_TRUE='#'
BUILD_CURVE25519_FALSE=''
BUILD_CURVE25519_INTELASM_FALSE=''
BUILD_CURVE25519_INTELASM_TRUE='#'
BUILD_CURVE25519_SMALL_FALSE=''
BUILD_CURVE25519_SMALL_TRUE='#'
BUILD_CURVE25519_TRUE='#'
BUILD_CURVE448_FALSE=''
BUILD_CURVE448_SMALL_FALSE=''
BUILD_CURVE448_SMALL_TRUE='#'
BUILD_CURVE448_TRUE='#'
BUILD_DES3_FALSE=''
BUILD_DES3_TRUE='#'
BUILD_DEVCRYPTO_FALSE=''
BUILD_DEVCRYPTO_TRUE='#'
BUILD_DH_FALSE='#'
BUILD_DH_TRUE=''
BUILD_DILITHIUM_FALSE=''
BUILD_DILITHIUM_TRUE='#'
BUILD_DISTRO_FALSE=''
BUILD_DISTRO_TRUE='#'
BUILD_DO178_FALSE=''
BUILD_DO178_TRUE='#'
BUILD_DSA_FALSE=''
BUILD_DSA_TRUE='#'
BUILD_DTLS13_FALSE='#'
BUILD_DTLS13_TRUE=''
BUILD_DTLS_CID_FALSE='#'
BUILD_DTLS_CID_TRUE=''
BUILD_DTLS_FALSE='#'
BUILD_DTLS_TRUE=''
BUILD_ECCSI_FALSE=''
BUILD_ECCSI_TRUE='#'
BUILD_ECC_FALSE='#'
BUILD_ECC_TRUE=''
BUILD_ED25519_FALSE=''
BUILD_ED25519_SMALL_FALSE=''
BUILD_ED25519_SMALL_TRUE='#'
BUILD_ED25519_TRUE='#'
BUILD_ED448_FALSE=''
BUILD_ED448_SMALL_FALSE=''
BUILD_ED448_SMALL_TRUE='#'
BUILD_ED448_TRUE='#'
BUILD_ERROR_STRINGS_FALSE='#'
BUILD_ERROR_STRINGS_TRUE=''
BUILD_EXAMPLE_ASN1_FALSE=''
BUILD_EXAMPLE_ASN1_TRUE='#'
BUILD_EXAMPLE_CLIENTS_FALSE=''
BUILD_EXAMPLE_CLIENTS_TRUE='#'
BUILD_EXAMPLE_SERVERS_FALSE=''
BUILD_EXAMPLE_SERVERS_TRUE='#'
BUILD_FASTMATH_FALSE=''
BUILD_FASTMATH_TRUE='#'
BUILD_FE448_FALSE=''
BUILD_FE448_TRUE='#'
BUILD_FEMATH_FALSE=''
BUILD_FEMATH_TRUE='#'
BUILD_FIPS_CURRENT_FALSE=''
BUILD_FIPS_CURRENT_TRUE='#'
BUILD_FIPS_FALSE=''
BUILD_FIPS_RAND_FALSE=''
BUILD_FIPS_RAND_TRUE='#'
BUILD_FIPS_TRUE='#'
BUILD_FIPS_V1_FALSE=''
BUILD_FIPS_V1_TRUE='#'
BUILD_FIPS_V2_FALSE=''
BUILD_FIPS_V2_TRUE='#'
BUILD_FIPS_V5_FALSE=''
BUILD_FIPS_V5_TRUE='#'
BUILD_FIPS_V6_FALSE=''
BUILD_FIPS_V6_TRUE='#'
BUILD_GE448_FALSE=''
BUILD_GE448_TRUE='#'
BUILD_GEMATH_FALSE=''
BUILD_GEMATH_TRUE='#'
BUILD_HASHFLAGS_FALSE=''
BUILD_HASHFLAGS_TRUE='#'
BUILD_HEAPMATH_FALSE=''
BUILD_HEAPMATH_TRUE='#'
BUILD_HMAC_FALSE='#'
BUILD_HMAC_TRUE=''
BUILD_HPKE_FALSE=''
BUILD_HPKE_TRUE='#'
BUILD_INLINE_FALSE='#'
BUILD_INLINE_TRUE=''
BUILD_INTELASM_FALSE=''
BUILD_INTELASM_TRUE='#'
BUILD_INTEL_QA_FALSE=''
BUILD_INTEL_QA_SYNC_FALSE=''
BUILD_INTEL_QA_SYNC_TRUE='#'
BUILD_INTEL_QA_TRUE='#'
BUILD_IOTSAFE_FALSE=''
BUILD_IOTSAFE_HWRNG_FALSE=''
BUILD_IOTSAFE_HWRNG_TRUE='#'
BUILD_IOTSAFE_TRUE='#'
BUILD_IPV6_FALSE=''
BUILD_IPV6_TRUE='#'
BUILD_KCAPI_FALSE=''
BUILD_KCAPI_TRUE='#'
BUILD_KDF_FALSE='#'
BUILD_KDF_TRUE=''
BUILD_LEANPSK_FALSE=''
BUILD_LEANPSK_TRUE='#'
BUILD_LEANTLS_FALSE=''
BUILD_LEANTLS_TRUE='#'
BUILD_LIBLMS_FALSE=''
BUILD_LIBLMS_TRUE='#'
BUILD_LIBOQS_FALSE=''
BUILD_LIBOQS_TRUE='#'
BUILD_LIBXMSS_FALSE=''
BUILD_LIBXMSS_TRUE='#'
BUILD_LIBZ_FALSE=''
BUILD_LIBZ_TRUE='#'
BUILD_LINUXKM_FALSE=''
BUILD_LINUXKM_TRUE='#'
BUILD_LOWMEM_FALSE=''
BUILD_LOWMEM_TRUE='#'
BUILD_MAXQ10XX_FALSE=''
BUILD_MAXQ10XX_TRUE='#'
BUILD_MCAPI_FALSE=''
BUILD_MCAPI_TRUE='#'
BUILD_MCAST_FALSE=''
BUILD_MCAST_TRUE='#'
BUILD_MD2_FALSE=''
BUILD_MD2_TRUE='#'
BUILD_MD4_FALSE=''
BUILD_MD4_TRUE='#'
BUILD_MD5_FALSE=''
BUILD_MD5_TRUE='#'
BUILD_MEMORY_FALSE='#'
BUILD_MEMORY_TRUE=''
BUILD_NO_LIBRARY_FALSE=''
BUILD_NO_LIBRARY_TRUE='#'
BUILD_OCSP_FALSE=''
BUILD_OCSP_STAPLING_FALSE=''
BUILD_OCSP_STAPLING_MULTI_FALSE=''
BUILD_OCSP_STAPLING_MULTI_TRUE='#'
BUILD_OCSP_STAPLING_TRUE='#'
BUILD_OCSP_STAPLING_V2_FALSE=''
BUILD_OCSP_STAPLING_V2_TRUE='#'
BUILD_OCSP_TRUE='#'
BUILD_OCTEON_SYNC_FALSE=''
BUILD_OCTEON_SYNC_TRUE='#'
BUILD_OPENSSL_COMPAT_FALSE='#'
BUILD_OPENSSL_COMPAT_TRUE=''
BUILD_PKCALLBACKS_FALSE=''
BUILD_PKCALLBACKS_TRUE='#'
BUILD_PKCS11_FALSE=''
BUILD_PKCS11_TRUE='#'
BUILD_PKCS12_FALSE=''
BUILD_PKCS12_TRUE='#'
BUILD_PKCS7_FALSE=''
BUILD_PKCS7_TRUE='#'
BUILD_PKCS8_FALSE=''
BUILD_PKCS8_TRUE='#'
BUILD_PKI_FALSE='#'
BUILD_PKI_TRUE=''
BUILD_POLY1305_FALSE='#'
BUILD_POLY1305_TRUE=''
BUILD_PPC32_ASM_FALSE=''
BUILD_PPC32_ASM_INLINE_FALSE=''
BUILD_PPC32_ASM_INLINE_TRUE='#'
BUILD_PPC32_ASM_TRUE='#'
BUILD_PSA_FALSE=''
BUILD_PSA_TRUE='#'
BUILD_PSK_FALSE=''
BUILD_PSK_TRUE='#'
BUILD_PWDBASED_FALSE=''
BUILD_PWDBASED_TRUE='#'
BUILD_QNXCAAM_FALSE=''
BUILD_QNXCAAM_TRUE='#'
BUILD_QUIC_FALSE=''
BUILD_QUIC_TRUE='#'
BUILD_RC2_FALSE=''
BUILD_RC2_TRUE='#'
BUILD_RC4_FALSE=''
BUILD_RC4_TRUE='#'
BUILD_RIPEMD_FALSE=''
BUILD_RIPEMD_TRUE='#'
BUILD_RISCV_ASM_FALSE=''
BUILD_RISCV_ASM_TRUE='#'
BUILD_RNG_FALSE='#'
BUILD_RNG_TRUE=''
BUILD_RSA_FALSE=''
BUILD_RSA_TRUE='#'
BUILD_SAKKE_FALSE=''
BUILD_SAKKE_TRUE='#'
BUILD_SCRYPT_FALSE=''
BUILD_SCRYPT_TRUE='#'
BUILD_SCTP_FALSE=''
BUILD_SCTP_TRUE='#'
BUILD_SE050_FALSE=''
BUILD_SE050_TRUE='#'
BUILD_SELFTEST_FALSE=''
BUILD_SELFTEST_TRUE='#'
BUILD_SHA224_FALSE=''
BUILD_SHA224_TRUE='#'
BUILD_SHA3_FALSE=''
BUILD_SHA3_TRUE='#'
BUILD_SHA512_FALSE='#'
BUILD_SHA512_TRUE=''
BUILD_SHA_FALSE='#'
BUILD_SHA_TRUE=''
BUILD_SIPHASH_FALSE=''
BUILD_SIPHASH_TRUE='#'
BUILD_SM2_FALSE=''
BUILD_SM2_TRUE='#'
BUILD_SM3_FALSE=''
BUILD_SM3_TRUE='#'
BUILD_SM4_FALSE=''
BUILD_SM4_TRUE='#'
BUILD_SMIME_FALSE=''
BUILD_SMIME_TRUE='#'
BUILD_SNIFFER_FALSE=''
BUILD_SNIFFER_TRUE='#'
BUILD_SNIFFTEST_FALSE=''
BUILD_SNIFFTEST_TRUE='#'
BUILD_SP_ARM32_FALSE=''
BUILD_SP_ARM32_TRUE='#'
BUILD_SP_ARM64_FALSE=''
BUILD_SP_ARM64_TRUE='#'
BUILD_SP_ARM_CORTEX_FALSE=''
BUILD_SP_ARM_CORTEX_TRUE='#'
BUILD_SP_ARM_THUMB_FALSE=''
BUILD_SP_ARM_THUMB_TRUE='#'
BUILD_SP_C32_FALSE=''
BUILD_SP_C32_TRUE='#'
BUILD_SP_C64_FALSE=''
BUILD_SP_C64_TRUE='#'
BUILD_SP_FALSE=''
BUILD_SP_INT_FALSE='#'
BUILD_SP_INT_TRUE=''
BUILD_SP_TRUE='#'
BUILD_SP_X86_64_FALSE=''
BUILD_SP_X86_64_TRUE='#'
BUILD_SRP_FALSE=''
BUILD_SRP_TRUE='#'
BUILD_SRTP_FALSE=''
BUILD_SRTP_TRUE='#'
BUILD_TESTS_FALSE=''
BUILD_TESTS_TRUE='#'
BUILD_THREADED_EXAMPLES_FALSE=''
BUILD_THREADED_EXAMPLES_TRUE='#'
BUILD_TLS13_FALSE='#'
BUILD_TLS13_TRUE=''
BUILD_TROPIC01_FALSE=''
BUILD_TROPIC01_TRUE='#'
BUILD_TRUST_PEER_CERT_FALSE=''
BUILD_TRUST_PEER_CERT_TRUE='#'
BUILD_WC_LMS_FALSE=''
BUILD_WC_LMS_TRUE='#'
BUILD_WC_MLKEM_FALSE=''
BUILD_WC_MLKEM_TRUE='#'
BUILD_WC_XMSS_FALSE=''
BUILD_WC_XMSS_TRUE='#'
BUILD_WNR_FALSE=''
BUILD_WNR_TRUE='#'
BUILD_WOLFCRYPT_TESTS_FALSE=''
BUILD_WOLFCRYPT_TESTS_LIBS_FALSE=''
BUILD_WOLFCRYPT_TESTS_LIBS_TRUE='#'
BUILD_WOLFCRYPT_TESTS_TRUE='#'
BUILD_WOLFEVENT_FALSE=''
BUILD_WOLFEVENT_TRUE='#'
BUILD_X86_ASM_FALSE=''
BUILD_X86_ASM_TRUE='#'
BUILD_XCHACHA_FALSE=''
BUILD_XCHACHA_TRUE='#'
BUILD_XILINX_FALSE=''
BUILD_XILINX_TRUE='#'
CC='/Users/q/.rustup/toolchains/esp/xtensa-esp-elf/esp-14.2.0_20240906/xtensa-esp-elf/bin/xtensa-esp32-elf-gcc'
CCAS='/Users/q/.rustup/toolchains/esp/xtensa-esp-elf/esp-14.2.0_20240906/xtensa-esp-elf/bin/xtensa-esp32-elf-gcc'
CCASDEPMODE='depmode=gcc3'
CCASFLAGS='-DWOLFSSL_USER_SETTINGS -I/Users/q/Documents/2log-dot-vas/wolfssl-5.8.2/../ -fno-math-errno -mlongcalls -nostdlib -nodefaultlibs -nostartfiles -no-pie  '
CCDEPMODE='depmode=gcc3'
CFLAGS='-DWOLFSSL_USER_SETTINGS -I/Users/q/Documents/2log-dot-vas/wolfssl-5.8.2/../ -fno-math-errno -mlongcalls -nostdlib -nodefaultlibs -nostartfiles -no-pie   -g -ggdb -O0 -Wno-pragmas -Wall -Wextra -Wunknown-pragmas --param=ssp-buffer-size=1 -Waddress -Warray-bounds -Wbad-function-cast -Wchar-subscripts -Wcomment -Wfloat-equal -Wformat-security -Wformat=2 -Wmaybe-uninitialized -Wmissing-field-initializers -Wmissing-noreturn -Wmissing-prototypes -Wnested-externs -Wnormalized=id -Woverride-init -Wpointer-arith -Wpointer-sign -Wshadow -Wsign-compare -Wstrict-overflow=1 -Wstrict-prototypes -Wswitch-enum -Wundef -Wunused -Wunused-result -Wunused-variable -Wwrite-strings -fwrapv'
CFLAGS_AUTO_VECTORIZE_DISABLE=''
CFLAGS_AUTO_VECTORIZE_ENABLE=''
CFLAGS_FPU_DISABLE=''
CFLAGS_FPU_ENABLE=''
CFLAGS_SIMD_DISABLE=''
CFLAGS_SIMD_ENABLE=''
CFLAG_VISIBILITY='-fvisibility=hidden'
CPP='/Users/q/.rustup/toolchains/esp/xtensa-esp-elf/esp-14.2.0_20240906/xtensa-esp-elf/bin/xtensa-esp32-elf-gcc -E'
CPPFLAGS=''
CSCOPE='cscope'
CTAGS='ctags'
CYGPATH_W='echo'
DEBUG_FALSE='#'
DEBUG_TRUE=''
DEFS='-DHAVE_CONFIG_H'
DEPDIR='.deps'
DLLTOOL='false'
DSYMUTIL=''
DUMPBIN=''
ECHO_C='\c'
ECHO_N=''
ECHO_T=''
EGREP='/opt/homebrew/opt/grep/libexec/gnubin/grep -E'
ENABLED_ASM='yes'
ENABLED_CRYPT_TESTS='no'
ENABLED_FIPS='no'
ENABLED_LINUXKM_BENCHMARKS='no'
ENABLED_LINUXKM_LKCAPI_REGISTER='no'
ENABLED_LINUXKM_PIE='no'
ETAGS='etags'
EXEEXT=''
EXTRA_CCASFLAGS=''
EXTRA_CFLAGS=''
EXTRA_CPPFLAGS=''
EXTRA_LDFLAGS=''
FGREP='/opt/homebrew/opt/grep/libexec/gnubin/grep -F'
FILECMD='file'
GENERIC_CONFIG='wolfssl-config'
GREP='/opt/homebrew/opt/grep/libexec/gnubin/grep'
HAVE_OPENSSL_CMD=''
HAVE_VALGRIND=''
HAVE_VISIBILITY='1'
HEX_VERSION='0x05008002'
INCLUDE_SP_INT='yes'
INC_AMINCLUDE='include $(top_builddir)/aminclude.am'
INSTALL_DATA='${INSTALL} -m 644'
INSTALL_PROGRAM='${INSTALL}'
INSTALL_SCRIPT='${INSTALL}'
INSTALL_STRIP_PROGRAM='$(install_sh) -c -s'
IS_VCS_CHECKOUT_FALSE=''
IS_VCS_CHECKOUT_TRUE='#'
KERNEL_ARCH=''
KERNEL_ROOT=''
LD='/Users/q/.rustup/toolchains/esp/xtensa-esp-elf/esp-14.2.0_20240906/xtensa-esp-elf/xtensa-esp-elf/bin/ld'
LDFLAGS=''
LIBM=''
LIBOBJS=''
LIBS=''
LIBSUFFIX=''
LIBTOOL='$(SHELL) $(top_builddir)/libtool'
LIB_ADD=''
LIB_STATIC_ADD=''
LIPO=''
LN_S='ln -s'
LTLIBOBJS=''
LT_SYS_LIBRARY_PATH=''
MAINT='#'
MAINTAINER_MODE_FALSE=''
MAINTAINER_MODE_TRUE='#'
MAKEINFO='${SHELL} '\''/Users/q/Documents/2log-dot-vas/wolfssl-5.8.2/build-aux/missing'\'' makeinfo'
MANIFEST_TOOL=':'
MCHECK=''
MKDIR_P='/opt/homebrew/bin/gmkdir -p'
NM='/Users/q/.rustup/toolchains/esp/xtensa-esp-elf/esp-14.2.0_20240906/xtensa-esp-elf/bin/xtensa-esp32-elf-nm -B'
NMEDIT=''
OBJDUMP='xtensa-esp32-elf-objdump'
OBJEXT='o'
OTOOL64=''
OTOOL=''
PACKAGE='wolfssl'
PACKAGE_BUGREPORT='https://github.com/wolfssl/wolfssl/issues'
PACKAGE_NAME='wolfssl'
PACKAGE_STRING='wolfssl 5.8.2'
PACKAGE_TARNAME='wolfssl'
PACKAGE_URL='https://www.wolfssl.com'
PACKAGE_VERSION='5.8.2'
PATH_SEPARATOR=':'
PSA_INCLUDE=''
PSA_LIB=''
PSA_LIB_NAME=''
PTHREAD_CC=''
PTHREAD_CFLAGS=''
PTHREAD_CXX=''
PTHREAD_LIBS=''
RANLIB='xtensa-esp32-elf-ranlib'
SED='/usr/bin/sed'
SET_MAKE=''
SHELL='/bin/sh'
STRIP='xtensa-esp32-elf-strip'
USE_VALGRIND_FALSE=''
USE_VALGRIND_TRUE='#'
VERSION='5.8.2'
WOLFSENTRY_INCLUDE=''
WOLFSENTRY_LIB=''
WOLFSSL_BUILD_DATE='Wed, 20 Aug 2025 23:40:17 +0200'
WOLFSSL_CONFIG_ARGS=' '\''--host=xtensa-esp32-elf'\'' '\''CC=/Users/q/.rustup/toolchains/esp/xtensa-esp-elf/esp-14.2.0_20240906/xtensa-esp-elf/bin/xtensa-esp32-elf-gcc'\'' '\''AR=/Users/q/.rustup/toolchains/esp/xtensa-esp-elf/esp-14.2.0_20240906/xtensa-esp-elf/bin/xtensa-esp32-elf-ar'\'' '\''--prefix=/Users/q/Documents/2log-dot-vas/wolfssl-5.8.2/../wolfssl-xtensa/'\'' '\''CFLAGS=-DWOLFSSL_USER_SETTINGS -I/Users/q/Documents/2log-dot-vas/wolfssl-5.8.2/../ -fno-math-errno -mlongcalls -nostdlib -nodefaultlibs -nostartfiles -no-pie'\'' '\''--disable-filesystem'\'' '\''--disable-shared'\'' '\''--disable-oldnames'\'' '\''--disable-tlsv12'\'' '\''--enable-dtls'\'' '\''--disable-pkcs12'\'' '\''--enable-dtls13'\'' '\''--enable-dtlscid'\'' '\''--disable-crypttests'\'' '\''--enable-singlethreaded'\'' '\''--enable-cryptocb'\'' '\''--enable-debug'\'' '\''--disable-rsa'\'' '\''--disable-examples'\'' '\''--disable-pkcs8'\'' '\''--disable-sha3'\'' '\''--disable-threadlocal'\'' '\''host_alias=xtensa-esp32-elf'\'''
WOLFSSL_LIBRARY_VERSION='44:0:0'
WOLFSSL_LIBRARY_VERSION_FIRST='44'
WOLFSSL_LIBRARY_VERSION_SECOND='0'
WOLFSSL_LIBRARY_VERSION_THIRD='0'
XMSS_ROOT=''
ac_ct_AR=''
ac_ct_CC=''
ac_ct_DUMPBIN=''
am__EXEEXT_FALSE=''
am__EXEEXT_TRUE='#'
am__fastdepCCAS_FALSE='#'
am__fastdepCCAS_TRUE=''
am__fastdepCC_FALSE='#'
am__fastdepCC_TRUE=''
am__include='include'
am__isrc=''
am__leading_dot='.'
am__nodep='_no'
am__quote=''
am__rm_f_notfound=''
am__tar='tar --format=ustar -chf - "$$tardir"'
am__untar='tar -xf -'
am__xargs_n='xargs -n'
ax_pthread_config=''
bindir='${exec_prefix}/bin'
build='aarch64-apple-darwin25.0.0'
build_alias=''
build_cpu='aarch64'
build_os='darwin25.0.0'
build_vendor='apple'
datadir='${datarootdir}'
datarootdir='${prefix}/share'
docdir='${datarootdir}/doc/${PACKAGE_TARNAME}'
dvidir='${docdir}'
exec_prefix='${prefix}'
host='xtensa-esp32-elf'
host_alias='xtensa-esp32-elf'
host_cpu='xtensa'
host_os='elf'
host_vendor='esp32'
htmldir='${docdir}'
includedir='${prefix}/include'
infodir='${datarootdir}/info'
install_sh='${SHELL} /Users/q/Documents/2log-dot-vas/wolfssl-5.8.2/build-aux/install-sh'
libdir='${exec_prefix}/lib'
libexecdir='${exec_prefix}/libexec'
localedir='${datarootdir}/locale'
localstatedir='${prefix}/var'
mandir='${datarootdir}/man'
mkdir_p='$(MKDIR_P)'
oldincludedir='/usr/include'
pdfdir='${docdir}'
prefix='/Users/q/Documents/2log-dot-vas/wolfssl-5.8.2/../wolfssl-xtensa'
program_transform_name='s,x,x,'
psdir='${docdir}'
runstatedir='${localstatedir}/run'
sbindir='${exec_prefix}/sbin'
sharedstatedir='${prefix}/com'
sysconfdir='${prefix}/etc'
target='xtensa-esp32-elf'
target_alias=''
target_cpu='xtensa'
target_os='elf'
target_vendor='esp32'

## ----------- ##
## confdefs.h. ##
## ----------- ##

/* confdefs.h */
#define PACKAGE_NAME "wolfssl"
#define PACKAGE_TARNAME "wolfssl"
#define PACKAGE_VERSION "5.8.2"
#define PACKAGE_STRING "wolfssl 5.8.2"
#define PACKAGE_BUGREPORT "https://github.com/wolfssl/wolfssl/issues"
#define PACKAGE_URL "https://www.wolfssl.com"
#define HAVE_STDIO_H 1
#define HAVE_STDLIB_H 1
#define HAVE_STRING_H 1
#define HAVE_INTTYPES_H 1
#define HAVE_STDINT_H 1
#define HAVE_STRINGS_H 1
#define HAVE_SYS_STAT_H 1
#define HAVE_SYS_TYPES_H 1
#define HAVE_UNISTD_H 1
#define STDC_HEADERS 1
#define LT_OBJDIR ".libs/"
#define HAVE_VISIBILITY 1
#define SIZEOF_LONG_LONG 8
#define SIZEOF_LONG 4
#define SIZEOF_TIME_T 8
#define HAVE_FCNTL_H 1
#define HAVE_LIMITS_H 1
#define HAVE_STDDEF_H 1
#define HAVE_TIME_H 1
#define HAVE_SYS_TIME_H 1
#define HAVE_ERRNO_H 1
#define HAVE_CTYPE_H 1
#define HAVE_DECL_GETHOSTBYNAME 0
#define HAVE_DECL_GETADDRINFO 0
#define HAVE_DECL_GETTIMEOFDAY 1
#define HAVE_DECL_GMTIME_R 1
#define HAVE_DECL_GMTIME_S 0
#define HAVE_DECL_INET_NTOA 0
#define HAVE_DECL_MEMSET 1
#define HAVE_DECL_SOCKET 0
#define HAVE_DECL_STRFTIME 1
#define HAVE_DECL_ATEXIT 1
#define HAVE_DECL_ISASCII 1
#define HAVE_DECL_GETPID 1
#define HAVE_UINTPTR_T 1
#define DEBUG 1
#define VCS_SYSTEM "none"
#define VCS_CHECKOUT 0

configure: exit 0
